objid,ra,dec,u,g,r,i,z,class,redshift,zwarning,RA,DEC,EP_8_FLUX,EP_8_FLUX_ERR,EP_1_FLUX,EP_1_FLUX_ERR,optical_xray_ratio,xray_hardness_ratio,kmeans_cluster,dbscan_cluster
1.622164427499496,-1.087698931199147,-1.1967720133510575,-0.1235446736634422,0.2600147557327681,0.405792011338039,0.556044499160286,0.4686911106760081,QSO,-0.243713056230038,0.0,-1.087698783393478,-1.1967718656100677,-0.3580406499594082,-0.8655320918178168,-0.1750227450675842,-0.6025103721401899,993688857252781.2,0.6618351012528205,2,0
-1.5809866004805178,-0.0391806948799569,-1.0264375715566008,-0.6041750298444711,-0.8590893911220184,-0.910429964846536,-0.8851784087704764,-0.8551801006409144,QSO,-0.9676527462961568,0.0,-0.0391784172229121,-1.026437277441435,0.2274496582471129,3.371411134707579,0.2279641741564852,4.6438212751105015,151627128451444.06,0.8326115799800288,0,-1
0.1685459346356125,-1.2503512664237166,-0.9986399290332674,0.7820860161238066,1.4947781194386995,1.2548777892220853,1.3909740602896654,0.7718958105037825,QSO,-0.6134648470011207,0.0,-1.2503484225448949,-0.9986167989212316,-0.3116304152429959,-0.5548835300805817,-0.3924105249672255,-0.6984741705505058,739285156316720.4,0.9820272651460378,1,-1
1.7059157514928711,2.1957475723064,-1.086326038589669,0.4124193672440824,0.8179868573622318,0.9976990763486157,0.9089472958458116,0.634579285023728,QSO,-0.920166588698859,0.0,2.195742348305814,-1.086324894693902,-0.2152909240649917,0.2621757897147485,-0.2437022128166421,-0.2257409985994153,456766953976860.6,0.8799723567604267,1,-1
1.5683854221538107,2.151459138506119,-0.8226861547714226,0.1399070819342163,-0.393697475401257,-0.7255327473263515,-0.7882506578291661,-1.0461059424860206,QSO,1.5747121921489091,0.0,2.151459484675841,-0.8226869467526416,0.0812062082940309,1.6128610431275412,-0.4069214320907101,-0.4208201278044757,193653290835004.2,1.0,2,-1
0.3255930421759897,0.3542947200265974,-0.0094132513546223,-0.9114625616540272,-0.8229216801599656,-0.5336845065911223,-0.5809319499960158,-0.694724627731308,QSO,0.9057303174808112,0.0,0.3542911257314494,-0.0094070383324632,-0.0440578460334401,0.1551585084421202,-0.0075380004273514,0.16367377565091,252912313058451.72,0.8284225393138903,2,3
0.1641978862430798,-0.8471230340929932,-1.003952535952086,-0.1236780256951838,0.0476999939621001,0.1071998338359863,-0.0474902193285656,-0.1160510767221791,QSO,0.4711365293002932,0.0,-0.8471221708785539,-1.003935971369664,-0.3647424240913898,-0.3449218962654982,-0.3906415548354477,-0.6075675985872276,1038694597427574.8,0.9701115351450644,2,0
1.6221037944761891,-1.130684885955494,-1.220869902267461,1.0703264327329582,0.5233727289585177,0.1250346960324829,0.0931448353418579,0.0305319294717106,QSO,-0.5786874450244694,0.0,-1.1306817550438404,-1.2208774208571456,-0.3496801927098067,-0.1054079175267338,-0.3816345262196202,-0.5391122763533533,912551906060614.0,0.9594722904959788,2,-1
0.0043640616493701,-0.0104111588473641,0.3337242591367195,-0.3280029721079221,-0.8375683267992576,-1.0100033724020523,-1.436949895667372,-1.3921363188677451,QSO,-1.2968929274613314,0.0,-0.0104112274546006,0.333724411366351,1.4146710915634149,-0.1093083481752244,-0.282848692668958,-0.6401049525940948,55939506840844.87,0.986841868575846,0,-1
1.7059149548538517,2.028849164774639,-1.067105758350693,-0.7767399673641194,-0.545850079852471,-0.4880546976176246,-0.8007973759682222,-0.8973516726738899,QSO,0.5827860942571809,0.0,2.028843423856967,-1.0670896240039098,-0.4179856402564835,-0.8159847950860337,-0.4002395476916338,-0.8410681290009998,1981393458164333.5,0.9757600763131608,2,-1
1.6298395207366725,-1.059551976417267,-1.2246609134608544,0.99124126946407,1.309987434615792,1.2727766740008266,1.0116122604869364,0.9995605229437508,QSO,-1.1340079205046003,0.0,-1.0595536107201466,-1.22464541613746,-0.4264648793586582,-0.5947690345705008,-0.3061503078931066,-0.4182804669583065,2571534726134988.0,0.6408989062824477,1,-1
-0.2852591509590397,1.053528908279878,0.2434037460507566,-1.2456723869829405,-1.3910689762095143,-1.3711821970890383,-1.2314549985790544,-1.1500540526112475,QSO,-0.7546457908570054,0.0,1.0535293191022364,0.2434040016596245,3.2684215239714263,1.2520005074680327,2.444005256891735,2.758194697931375,27642358810406.23,0.8574000136221035,0,-1
0.0661196954486132,0.6126399331558042,0.3438882847746453,-2.0018821252038914,-2.213525716190828,-2.063430940642054,-2.0100022295466564,-1.8291144780202817,QSO,-1.0954809636630485,0.0,0.6126318699348781,0.3438953745961263,-0.20435424461232,-0.0930046570889378,-0.4018665431861082,-0.7110487414076683,369676506810449.4,0.996213681756044,0,-1
-0.1190253718707592,-1.1713337254016036,-0.9921938391427448,0.4358522825995387,0.7303974458792939,1.091336675921808,0.981221524658516,1.1285099614263112,QSO,0.8993081888504456,0.0,-1.1713306916002668,-0.9921956021656596,-0.3546535056683196,-0.2980829474372103,-0.3772988373868154,-0.5612429991139005,1000053933816616.4,0.9507462097051006,1,-1
-0.0614403866988226,0.6667315479432894,0.7789539234031749,0.2471072985619293,0.6388118940272232,0.6620195315610293,0.7528785864301928,0.7530630511706594,QSO,-0.4398239578613319,0.0,0.666728027862048,0.7789490664889969,-0.1160158960452566,-0.2000219383615661,-0.214744528393897,-0.2991992680173436,324041364910679.44,0.8970665973207057,1,1
-0.8374370730546508,0.0084014742759281,1.0726083617652709,-0.5210300380536748,-1.8894686592964691,-2.188796302758655,-2.1314093699323933,-2.0830796430745258,QSO,2.6527548563304504,0.0,0.0084043134695885,1.0726184242291223,0.0339866523733679,0.3920495417272145,0.3435288080085498,1.3322157588763135,194352185512431.7,0.7403792420301689,0,-1
1.5809530813059711,-1.1608502231491558,-1.157714824064759,0.3000850973943256,0.900638306847183,0.6987136172699208,0.8265092172038769,1.278000098824542,QSO,-0.3943578835969544,0.0,-1.1608525800799905,-1.1577092399953537,0.0340817374231945,3.9865440018592304,-0.09525468970321,1.2380246453208112,228532063401437.7,0.8833426885886452,1,1
-1.2665269272207214,-0.2226779108112302,0.7845090294697881,0.5147448262670248,1.0780440538513618,1.3917946543921071,0.9685739928601984,0.9605141169554432,QSO,0.610240727959789,0.0,-0.2226730216725969,0.7844858359386512,-0.3366975000349207,-0.4035644713094059,-0.1714715914158286,-0.1827017953457249,881428172443088.6,0.7032590256157903,1,-1
-1.343931811769735,-1.1044882035735697,-1.3692188811417414,-1.1901831248860806,-1.1704450591338649,-1.215396962323441,-1.077805816985722,-0.8996864624223753,QSO,-0.5561389984498812,0.0,-1.1044890898895163,-1.3692137903084742,0.6016292100575448,1.0690668080578165,0.4856615151956129,1.2201880292615883,97119483250487.9,0.845539000268909,0,-1
1.5418566568361904,2.179499626418812,0.0848311049056157,0.8461616673755759,1.306730668235659,1.2156228002234402,1.396399668133581,1.625447701668384,QSO,-0.2514320518548281,0.0,2.179500384525792,0.0848304487822018,-0.4029834047863318,-0.8359270517655204,-0.3848290223187462,-0.8126178534159041,1702446964486813.0,0.938257225723258,1,-1
1.6319533360173335,-1.0755302955702253,-1.2540597214609732,-0.0755083084516873,-0.3816826480799633,-1.0455267594641982,-1.6243624882353422,-1.815487300499932,QSO,-1.355323073809909,0.0,-1.0755293502026608,-1.2540619129039596,0.0125803419997688,0.4015566349472966,-0.3878790632029393,-0.6073927960145001,217070054474796.3,0.992126780201266,0,-1
-0.5421901643472845,-1.0038289811456735,-1.0507334621135158,0.3862823690227573,0.4809027349473469,0.7050244146625285,0.9009646870078876,0.9615497824469892,QSO,1.0191013753301932,0.0,-1.0038238030995674,-1.050742330793242,-0.3785574832508095,-0.819392757545857,-0.3021100077167619,-0.6228850023244701,1228947162727833.2,0.7985917097530852,1,-1
-0.3888923572133599,0.5363495537436263,1.581182558320547,0.3240662377691638,-0.1332001753472455,0.0783256492440164,0.3338786887812865,0.1277482139018818,QSO,1.5589401798903375,0.0,0.5363486361280235,1.5811810692279278,0.0141148449358317,0.0464542397055876,0.1238065772152488,0.3742316247284786,230249478227005.9,0.8021209970823524,2,-1
0.2715727289702466,0.4179036531388975,0.3767793532338388,-0.3034439729288691,-0.41888020138384,-0.3824082908321279,-0.6192961297842461,-0.851110116954836,QSO,-1.4111117495638985,0.0,0.4179031481594666,0.3767798942891294,7.862987423135532,1.9653257085456397,6.6619228402233945,2.5918226702711737,13118940773102.623,0.8425755504647525,0,-1
-0.6425022341630227,0.7633949152118193,1.3733985627789422,1.1143696454386784,1.2691370217233873,1.2304028706385868,1.1656830264735465,1.080624059619803,QSO,-0.6771093723317627,0.0,0.7633941849414161,1.3733946712623577,-0.3541370531189088,-0.5378787377415484,-0.3199414938574945,-0.4459755645792543,1002740126839342.0,0.8625191346333956,1,-1
1.6319531663627274,-1.1108937131193972,-1.266868969851338,1.511469770626104,1.0602902760439972,0.9927327531831291,0.437606779283721,0.1330809827048466,QSO,-1.002482212276234,0.0,-1.1108930778253412,-1.2668866446620732,-0.2795016832326031,-0.0393643199282078,-0.2664432362614118,-0.1242152641435102,608298538567286.9,0.8635888754891606,1,-1
-0.3245982921597372,0.6507126316149702,1.2957338148798452,-0.235441845186936,0.1071139752212539,0.2105597198270626,0.3059074807751527,0.6280836637390288,QSO,-0.1674872982793478,0.0,0.6507153775677506,1.295738072460657,-0.4077358516296933,-0.6421559962175404,-0.3604477892695746,-0.6078495422550922,1733976547396279.0,0.8658456204972645,2,0
-0.679724447376294,0.4149889906391978,1.5246056900041645,0.2450181167313134,0.314878066131033,0.5717476905972262,0.6360080607112448,0.7469762452115714,QSO,1.3574633051267442,0.0,0.4149945966991495,1.5246129575441352,-0.3940592409937829,-0.5168467738843372,-0.3262154253609473,-0.3578496375479196,1460554094863008.8,0.8129245370081971,1,0
-0.4735484565969261,0.1150523521410018,0.878427072067551,-0.1364427785113225,0.2857608142783984,0.267366042443697,0.2182087620953673,-0.0943293557547448,QSO,-0.7454807682487558,0.0,0.1150521860763642,0.8784251160706817,-0.2633060075286053,-0.8580218693463948,0.101655615129658,-0.5115605060028652,540491033389198.3,0.6070455641361093,2,0
1.5698958792688804,-1.14374378259982,0.1284130758410041,0.7810043829774607,0.9972410393389164,1.2705907601213569,1.3748255450515223,1.3534764927172522,QSO,-0.7683566095046266,0.0,-1.1437472209367694,0.128405932861998,-0.2181187549360302,-0.5042874929168317,-0.3638821702887543,-0.7164146759517839,468272666616583.4,0.966525248742548,1,-1
-0.0195041432263978,-0.1162047525982613,0.1313117743387398,1.5460375806319713,1.7245385865213103,1.8108407473443415,1.4655028491185942,1.5367620303659482,QSO,-0.89421220968198,0.0,-0.1161990552549529,0.131312124733939,-0.3528530698775536,-0.7010009065143098,-0.2985954138963728,-0.4294257672685121,1021066571030510.8,0.8332713633866957,1,-1
1.6221040452123274,-1.078051243660722,-1.2142212319833483,-1.4741636849257118,-1.8323784248598955,-1.7629180856726874,-1.6366067653966143,-1.6647162084147853,QSO,1.296191410809363,0.0,-1.0780510172285127,-1.2142204290428036,-0.3173674056034544,-0.2018892290633507,-0.2600831420347309,-0.1515252374699537,649974195313239.8,0.826242699130757,0,-1
-0.0842209064766897,-0.1079601068448491,0.1697154895780747,-0.12558940481681,0.2174391368660232,0.3169012289340668,0.15134181137035,0.4488862793464347,QSO,0.4167519588646667,0.0,-0.1079649175181636,0.1697316705361556,-0.3615085644210524,-0.5585845369233637,-0.3618180727658938,-0.5455680901387795,1019841327862477.6,0.9215795865175632,2,0
1.5553935379423405,-1.2308621783825953,-0.8156915695598908,-0.6001892857846441,-0.54057763914518,-0.4482600897114966,-0.2654860101653677,-0.4469007773462347,QSO,-0.8196861724041699,0.0,-1.2308625410152954,-0.815685205008526,0.1599978726620649,0.3427971064517908,0.3171951979761614,0.613776934831372,172174993906750.62,0.7932724353792155,2,-1
-0.2818157304309535,1.0890915177648417,0.3509285842012533,-0.8945268536228616,-0.5278762502626673,-0.749907058994896,-0.7517469482982226,-0.6425325378283708,QSO,-0.2025229918054621,0.0,1.0890925297916287,0.3509304437969728,3.315698674477869,4.641421219935277,0.6706183256508426,1.6257274966409,28282502120843.758,0.9442855672077842,0,-1
-0.679906413005681,0.1850913843818929,1.3171059672305845,0.7712104170906714,0.8275371047201824,0.9131160991213348,1.116733412462808,1.588454457093142,QSO,0.975670530290642,0.0,0.1850969344676235,1.3170919593094303,-0.4457785461165787,-0.8693910498307963,-0.3931813920717109,-0.7849534806926668,4325855434566374.5,0.902729618222242,1,-1
0.0835842873642319,1.2421537055408234,0.8683685372322879,-0.1970364600453985,0.0278073128294058,0.2710793522138384,0.3396250673592184,0.1535671729104375,QSO,0.8550808321740689,0.0,1.2421529381304393,0.8683437070116218,-0.3670966725911206,-0.4474635192669988,-0.3973113871059708,-0.7064592671347308,1071124249883660.8,0.9818565148952496,2,0
0.8048944267612227,0.6390729871632908,-0.4344535164005861,-1.4780086685075922,-1.3507466875949707,-1.4265068542308843,-1.3089532079171518,-1.1774083402870927,QSO,-0.2252729328348669,0.0,0.6390735953620931,-0.4344587410526003,0.2971924946529251,1.1932264423853227,0.2827471991935542,1.252349034538358,133868491578739.42,0.8344687693482907,0,-1
-0.9374440301835204,-1.228806749873059,-0.9845743601056312,-1.0792712767082289,-1.2551825995163617,-1.4137389221148282,-1.4040113237230576,-1.3516090929222273,QSO,-0.4339779140480929,0.0,-1.2288083017410842,-0.9845717631254892,-0.3166553660104789,0.285743975067877,-0.036525697169023,0.5941528551164693,660439810409383.9,0.614327525393038,0,-1
-0.3365619956670417,0.3014371157473318,1.0138393103235055,0.4771099195311044,0.3128359855899769,0.5853021858665634,0.5451291293256506,0.7123722990948973,QSO,1.144866370618468,0.0,0.3014405963420615,1.0138450648264956,-0.4339792951325888,-0.7265938897953509,-0.3805808010926013,-0.6963944243197264,2962340499198008.5,0.8722030337156773,1,-1
1.7340142866510833,2.2181838885532663,-0.0531890652905424,-0.0495787467241824,0.1342947713884034,0.056000060207275,-0.0351451285080323,0.2242468003159825,QSO,0.0407308506940526,0.0,2.2181808821275477,-0.0531867898621694,0.575647387726763,-0.2317321818397486,0.0671100156854245,-0.2243747620352783,106810204136676.69,0.9128695176938666,2,-1
-0.1842260711389517,-1.2790031525904977,-0.9593604432396714,2.9510642208447546,0.7214281352269882,-1.118238120726838,-1.2958199375787527,-1.480676633609963,QSO,3.9881410994191246,0.0,-1.2790037480454313,-0.9593807782192736,-0.373946789080594,-0.6215243253710422,-0.2056060255550615,0.314445726346018,1060928561428709.0,0.6596679773384326,2,-1
-0.8692229477778685,-0.280041063334728,0.1196081513214562,0.8067339166573532,1.1034556336876813,1.0992937682863997,0.9453685214737192,1.2043951706446294,QSO,-0.3985216515592405,0.0,-0.2800432578508706,0.1196117803566913,-0.415501841168603,-0.9177131435251468,-0.3577768025877062,-0.8152189119460667,2061838830652884.0,0.8410659610924295,1,1
-0.1461581886961558,1.889459516480933,-0.9969077738528568,0.8321967462737622,1.152219108676676,1.135722617583138,1.1001633128313912,0.6220241121349803,QSO,-0.2467138360638518,0.0,1.8894606782205965,-0.9969031224185306,-0.4171083326831589,-0.7686358474404758,-0.3298609001442887,-0.7051347197126705,2125178901721904.8,0.7555181064467029,1,-1
-0.3917312393698998,0.8020460827339756,0.9240773666384868,0.2899355260895594,0.5477544664530135,0.5808754816085632,0.4262331655433506,0.6394668993610289,QSO,-0.6817156167075791,0.0,0.8020433806850928,0.9240858035776082,0.0930406112417965,-0.2143071912768419,0.7716337632888183,1.640288013159169,203471263698578.6,0.6531299926588542,1,-1
-0.6797235253692053,0.7440265247910289,1.3853889912298898,-1.3288692378971927,-1.1469875391256217,-1.1502402657655733,-1.05570013097301,-0.9677950956690816,QSO,-0.1747897818767316,0.0,0.7440228896510127,1.38539572237914,-0.1906386357032328,-0.7615985492943848,0.1810337759437305,-0.2238195460411011,371148068508325.6,0.6530332745642435,0,2
-0.3855071355626121,0.7643304309419822,1.4181806729508524,1.3296220500080076,1.6698161092638086,2.057364273315803,1.4493451690023371,2.099064798780631,QSO,0.4776019319075326,0.0,0.7643387121826101,1.418175916471852,-0.1931187024981434,0.5312890682057484,-0.3770254123435136,-0.4809532967404351,443318667798073.4,0.9786947080608268,1,-1
-1.5272059354702083,0.0404768090049645,1.7893635575844775,0.5532983803327217,-0.2157548020479231,-0.2923010793655234,-0.1191962256981592,-0.1494830855721024,QSO,1.8777246920870136,0.0,0.0404764615437788,1.789357800732449,-0.3723529324480996,-0.8934779889912157,-0.3628742517666226,-0.7567079404843096,1093469659409264.4,0.9154243710527284,2,-1
-0.5177208288870376,-0.9150869741136872,-0.951059783379228,-0.3159864723587751,-0.172615850618131,-0.1194766916398878,-0.2230159649817407,-0.0345060464404103,QSO,0.0031893234446141,0.0,-0.915089214493332,-0.9510490298472546,-0.3606838859015889,1.204956807505203,-0.2349906955509601,0.0089091724408344,988974781353992.4,0.7324678776291507,2,0
-1.814291424976625,0.347543324767404,-0.964944027694657,-0.3528212669042482,-0.4048673038779799,-0.1434211373990808,-0.257292609130803,-0.0859895231122905,QSO,-1.173080805610646,0.0,0.3475432108016985,-0.9649327512662152,-0.3781025623443514,-0.6301359317816432,-0.3690037800195268,-0.7006751904955861,1169258654949706.8,0.9224910563013878,2,-1
0.1763401106248268,2.1965774314736244,-0.9851395622708362,-0.374402070707739,-0.2525386580008133,-0.1697069804517617,-0.2967107499022288,-0.2138669569632488,QSO,0.1437864743062413,0.0,2.196575157361179,-0.9851306264511872,-0.2492788778072924,-0.3730681980512707,-0.2569802562584688,-0.4590612026291348,494837815192246.8,0.8734176218110157,2,0
-0.0195044899407107,-0.1832864347203838,-0.0430670759108401,0.1919810503292538,0.2998529304259406,0.4861769363867565,0.3778517739757265,0.4500127926881163,QSO,0.5860384040815712,0.0,-0.1832873485540795,-0.043063396000029,-0.3001783815216377,-0.507739354218127,-0.2885800293915111,-0.5674231642919157,663514620045276.6,0.8708251186527164,2,0
-0.8374980085633608,-0.1019984398163732,0.7684410844347184,-1.153985456714483,-1.0107226733666688,-1.014448368826407,-0.9240191622206704,-0.7236233288594623,QSO,-0.5449689031694388,0.0,-0.1020049912172742,0.7684426114778983,-0.1196277504340317,0.4356559995701987,0.1789724296463352,1.656644164404965,298844327202236.56,0.713630421233621,0,2
-0.4167487214859094,0.0525686233223133,0.6321726209819778,0.6895693398800713,0.5412849440492402,0.7378405611040799,0.6929402835599041,0.8601454121255644,QSO,-0.9508336390284272,0.0,0.0525675117353223,0.6321854063780227,-0.1773444315235849,-0.4085569630716171,-0.3127972339742759,-0.502286297767345,392831707052928.8,0.9378150963928464,1,-1
0.3035971159982937,0.0144885806014098,-0.101947392066819,1.025942431501679,0.9679037357038393,1.2194184247421809,1.2060359848126712,0.8626164736492544,QSO,0.8997017115776377,0.0,0.014485098663296,-0.1019418621868296,-0.3376243651990638,0.1059988265043693,-0.2050307220810646,1.0844255037666313,879812306554282.9,0.7385082789724475,1,-1
-0.0195640018548012,0.0021127716213879,0.3752960342891001,0.8598598844139063,0.6450877708624492,0.7651690576390202,0.8577889462094275,0.6117128811445826,QSO,1.2269665709297202,0.0,0.0021096308992809,0.3752956412270598,-0.4114707786118374,-0.8596059134075905,-0.2803603954413323,-0.4858711563855105,1893748411888022.5,0.6560162160899949,1,-1
0.292840792659208,0.5467172259375275,0.2601140005628167,0.133809930705148,0.013908842250414,0.1929809479595414,0.3140825520534854,0.5030497675973156,QSO,1.2204213819276204,0.0,0.5467161372010934,0.2601085164978895,-0.3323763424475172,-0.7406816598696869,-0.2595307259851712,-0.5379483571957145,803053263394587.2,0.8087989452661909,2,0
-0.1189650264650267,-1.187625522484222,-0.976959511359336,-0.5438925030511266,-0.5619050578993904,-0.3271476562725231,-0.3928044969350983,-0.37866495710934,QSO,-1.350505057409768,0.0,-1.1876249279616793,-0.9769553739835524,0.2671559688074139,-0.2076764426555588,0.5277657847151831,0.5562038961103415,148226230742465.28,0.7742214988150942,2,-1
0.0815286562083349,0.7402933466877478,0.0263177363436427,0.7871385764375669,0.3419092270861218,0.3423456323343995,0.6163493971551627,1.1674473499944538,QSO,1.7424948666694633,0.0,0.7402925774065892,0.0263193214898648,-0.2325755357996784,-0.3596313119284303,-0.2494002807855102,-0.4011975488986877,473240331911405.7,0.876086511538348,1,-1
0.2791845483868513,0.3678424861897619,0.2098909218143386,-2.664078681047118,-3.032558450437353,-2.95521063479956,-2.826757837374538,-2.724047564921676,QSO,-1.0545431053849377,0.0,0.3678434962632994,0.2098908528329289,0.0548924818053775,-0.2377047369188112,-0.2697369814479152,-0.5086200457447707,177929576540872.38,0.9489580551971146,0,-1
1.759453397430929,2.054044929654954,0.3494429642071031,1.0522942746630315,1.520444959342654,1.5729236856430862,1.2383605099232995,1.480336430646691,QSO,-0.0809068890499229,0.0,2.054050454234461,0.3494418757628584,-0.163699131195781,-0.0821225348701248,-0.3206673150579428,-0.3901270805985097,391719440062279.4,0.94531884786837,1,-1
0.020679973804012,0.6229084003095066,0.5646458593173626,1.5044095213900135,1.2980694300787718,1.2577130750071692,1.189447555425022,1.831417947495957,QSO,-0.6103342452366867,0.0,0.6229048045573744,0.5646135825185343,-0.3598465771537958,-0.1104735877904393,-0.2069458752435582,0.3540799272314534,1054852100298431.0,0.6973883494438172,1,-1
1.5809534132388965,-1.0922291388752945,-1.151125489072159,-0.0392958233876745,0.2726633321874938,0.2873045037710607,0.1292636199919813,0.4799925832328859,QSO,0.2781643433040971,0.0,-1.092223909252777,-1.151131728606809,-0.3569473114983584,-0.4197267610474328,-0.3241628321754206,-0.4090157221580378,978175073296115.6,0.865784999362116,2,0
-0.9375648979970652,-1.2331968372407216,-1.018633656660885,0.5634405431912803,1.0659588099596864,1.1202748830960192,1.1157711002607629,0.9915931664868546,QSO,-0.4548075723537413,0.0,-1.2332007458139036,-1.0186272677589636,-0.3020101462354378,1.1466604675383425,-0.2822090341917379,0.3721999460785137,692923916059841.2,0.8629877610971275,1,1
1.581194875972172,-1.143940365349835,-1.0778843391069826,-2.356954135054134,-2.4163078347461373,-2.3723033156358317,-2.4664681489285485,-2.3591208357117326,QSO,0.3877543374241671,0.0,-1.1439420815604522,-1.0778815185105837,0.4763404723361679,-0.6430028763135571,1.0531616476998855,0.0225169253060832,102617080680600.22,0.731635362949409,0,-1
0.3881331367734202,0.0628027216094458,-0.2421124212650283,-0.0298945051499026,0.1701280036411425,0.2111176309009033,0.1541279343172245,-0.02041554488437,QSO,0.7057964304551094,0.0,0.0628001479890534,-0.2421061143439823,-0.2039564808408447,-0.3638144626791948,-0.0594962877166241,0.7482322555873726,419941945303244.25,0.769642496108126,2,0
1.6297789097846,-1.098174724358877,-1.2494754749351866,-0.2560151003061593,-0.3178148187442004,-0.2457749542406135,-0.1412010980516095,-0.1967875611377421,QSO,0.901884342786189,0.0,-1.0981726407080317,-1.2494743727225837,-0.3793607266812215,-0.7196121569279057,-0.3425559955737848,-0.5988808737418521,1178416918215514.0,0.8702789703809634,2,0
-0.334083024692742,0.8454544621143144,0.7904722882892766,-0.2989100038496602,0.1086983480548307,0.1490706026234527,0.3887488140541331,0.4556635289665568,QSO,-0.4378887997080252,0.0,0.8454558922279137,0.7904790186338221,-0.3324181050374322,3.081513922878541,0.1282215175081507,2.798206935957161,801413860014258.0,0.4451812386633574,2,0
-0.3366824356847414,0.4237405252769848,1.0240192716773302,0.2211258777109687,0.5706486538982061,0.9469840451283228,0.7646187952951513,0.6139931621829885,QSO,0.6876240647918422,0.0,0.4237409400335726,1.0240145144537731,0.6191335710117309,0.2559644546720068,0.2618886490872835,0.5250824512803957,107458079995689.5,0.8837595537192579,1,-1
1.5809535091018163,-1.0717529389971656,-1.1454420229022857,-0.6367499678204237,-0.859080589050718,-0.7737326056727802,-0.6474139758402164,-0.6800436151493857,QSO,-1.076560769586938,0.0,-1.0717543985560176,-1.145427062709817,0.9497719138114142,1.58507551300602,-0.3593156989639043,-0.4604527028133702,75217567036551.52,0.9932797749805738,0,-1
-1.4774761724981316,1.1488716356937294,1.0150616300962705,-1.098577687525909,-0.7831891303223641,-0.8046097824806633,-0.6905438922481045,-0.5574444413913097,QSO,-0.3605149290584128,0.0,1.1488721597622311,1.0150598806635929,0.2293616346836426,0.0918842133002526,0.3764880849150496,0.1159757273918667,152119519522941.8,0.79791528069165,0,2
1.5555739250750764,-1.4179256169130905,-0.7443619811030944,-0.97863494342068,-1.3096762229201235,-1.1606759466713192,-1.0866315946102014,-1.2110492991923298,QSO,1.2042923593598436,0.0,-1.4179264156198064,-0.7443538261249792,-0.1367535954518093,-0.6248182251778592,-0.0774602830376882,-0.5493795199531399,311458150637537.44,0.8202346184237054,0,-1
-0.1189653953082012,-1.2655920667819391,-0.9698577784327744,-1.4233195186011796,-1.206630374238512,-1.4561676019761354,-1.3580861194901808,-1.2621784692486815,QSO,-0.2287362032965151,0.0,-1.2655916622869314,-0.9698566682750588,1.656260088639001,2.0051050794301184,0.7159182431467274,1.826796229955543,48333290666148.91,0.89909495781877,0,-1
-0.0189001507577329,0.5973954915062116,0.6956178403296074,0.0780391476523895,0.7671196873330998,1.1363811355719329,1.024058164966731,1.4805908046270708,QSO,0.5456840683353624,0.0,0.5973954299899799,0.6956002283579276,-0.2382136436650939,-0.4299896742078914,-0.1199359477866981,-0.0579877262839295,504939610135548.5,0.7805871786787448,1,-1
1.6298999915392878,-1.0505325027594956,-1.203380691695408,-0.4351735549508022,-0.1290808059799439,0.0200010768198877,-0.0360707811976201,-0.1434780426781365,QSO,0.6471574871681182,0.0,-1.0505325833542265,-1.2033868407342678,-0.3183860237453962,-0.5007722405321315,-0.253812484287498,-0.3444867667032292,723594725345186.2,0.8184099489737328,2,0
-1.0657299094880834,1.107478387320492,0.8541187271086009,0.4393861114406877,0.9566722927280352,1.079712004202962,1.087552440545531,1.0992296993275854,QSO,-0.0391826614733162,0.0,1.107482086090365,0.8541210319196536,-0.3627595806257508,-0.2428922336945978,-0.1692286931068281,0.2107574927123114,1073049667300848.0,0.6426932600937383,1,1
0.0796555513660944,0.7858962575723939,0.1046187003426291,1.7585266347657684,0.5356604204900408,0.5015240639589212,0.7403685278035941,0.7248638784885492,QSO,1.6409376045065156,0.0,0.7858991438185653,0.1046198236859512,-0.4040223504291371,-0.84649374656085,-0.3563096112882199,-0.7204221906459018,1665824374240033.5,0.8620620753093053,1,-1
1.082555285751703,-0.0302299640962055,-0.9872147088924912,-0.9048320022979922,-0.7927041693951254,-0.8500932541233169,-0.8097972862768781,-0.6079013373566537,QSO,-0.342753666175443,0.0,-0.0302297165005462,-0.9872192736982756,-0.3845307249640234,0.0283905478423934,-0.2421115137229741,0.4843536602805948,1206292984968116.8,0.6835133322171872,2,2
1.6298997923795329,-1.0933668815922917,-1.2099498518181344,0.9920487901007276,1.457562961992225,1.264097041065199,1.0448624382871523,1.7340744760755948,QSO,0.2048785111572426,0.0,-1.0933652160357965,-1.2099504833116748,-0.3166037282015088,0.1810669191466449,-0.2676031275127595,-0.0984329477393246,763169869709471.6,0.8351471209862275,1,-1
-0.1189650633464628,-1.195245802455501,-0.9756522889588504,0.4866519982468255,1.0799805095368438,1.0194301699788069,1.3955015100783397,1.5562216398650093,QSO,-0.324147208431665,0.0,-1.1952418678895094,-0.9756743968604348,-0.4039718015934276,0.4794088144161714,-0.2690264204550319,0.1395294256389172,1709765482873219.2,0.6643337082713187,1,-1
-0.4371123564413656,-0.2087297500585857,0.0628566535200279,-0.3622670358192655,0.0066911437863404,-0.1156078984557251,-0.0385544631667104,0.0027324873301982,QSO,-0.1804478543529266,0.0,-0.2087250029866793,0.0628589100583329,-0.3470418990308855,-0.3368334418057598,-0.2837719265659081,-0.4204169521114521,881926560434121.5,0.8204727761961028,2,0
-1.529560483202897,0.9735561057522386,1.5323718419921206,0.2049013805157595,0.9114912607571868,0.8168810119256791,0.9657237157665202,0.8308651500268419,QSO,-0.2031044858696981,0.0,0.9735595851895236,1.5323652173166382,-0.336177752643337,-0.3289107539966975,-0.3240646714532064,-0.3728701103707209,852808783372732.9,0.8848788334010577,1,1
1.6298998292321554,-1.0853531469133109,-1.208750762778382,-2.037850131543044,-2.4088084700005368,-2.937823930678769,-3.2196286675183683,-3.2285256767250075,QSO,-1.7477010690827737,0.0,-1.085353259700119,-1.2087492549293402,10.410627596337797,2.976685636893837,9.470221920596716,3.899773478114129,8637562408707.257,0.8324502956990828,0,-1
-0.8118169187677612,-0.1215296492888163,0.5989973786883536,-1.109631089268034,-1.133784432179143,-1.2240308648431788,-0.9215904695202696,-0.6998211921239195,QSO,-0.532077314996502,0.0,-0.1215291364463034,0.5989941454006783,0.2207248295273846,-0.4719336337807557,-0.109929293298423,-0.2478496678038039,150381176890361.1,0.917285474316104,0,-1
-1.2764369322458209,-1.0496325547322318,-1.398413559179901,0.1504122586569594,0.2746702044433576,0.2974658021814765,0.5711298885371219,0.5651351883800296,QSO,-0.4777495416555217,0.0,-1.049634117247675,-1.3984027676513893,-0.3794585202030039,-0.6268240264293118,-0.2167409538536605,0.1159599688961617,1214590219633447.2,0.6595443367307292,2,0
1.741506293092029,-1.2126685523225935,0.398645344758121,0.1378475338884306,0.2393298881832839,0.3512081869335837,0.4553866428262845,0.2543174387108877,QSO,1.5691122690791377,0.0,-1.2126698846610966,0.3986330933561812,-0.2899142035558663,0.1685807340863881,-0.2849590933452682,-0.2979385049826606,621855793034243.6,0.8741205704682351,2,0
-1.5295643114671496,-0.2891790755875952,0.5376758804122522,-0.2805592825927945,-0.1318534584387025,0.0954654091190089,-0.1044407719334537,-0.0491870590223327,QSO,0.223398420947274,0.0,-0.2891787625229443,0.5376824770444095,-0.4173682063789508,-0.8515715788272021,-0.4058163535216285,-0.9146203918008828,2022516542918180.8,0.9959951043892612,2,0
-0.2945646249312529,0.2724484623825684,0.7385147038241973,-0.9835319263640734,-0.7139784437089254,-0.7908815116309501,-0.6450036128960444,-0.4392968122898804,QSO,-0.326085071208526,0.0,0.2724484118200367,0.7385151635070902,-0.1034650417666907,0.0308575553605995,-0.1952787161718456,-0.1201439025283018,289404119036329.1,0.8908507878111793,2,2
1.629899873547506,-1.0749597685852654,-1.2052147115078808,1.57769387127815,1.3140099811988168,1.293373653316985,0.8911399376689019,0.4629404417624222,QSO,-0.8656200113123128,0.0,-1.0749590424961166,-1.205210130856774,-0.2637966225586036,-0.7685627102361043,-0.1089258956777378,-0.468021241489965,571240530839670.0,0.7488477869412878,1,-1
1.6431319222080745,-1.1041652965353057,-1.2551072198711275,-0.7819481050482443,-0.4840683414142508,-0.5368673435369583,-0.4419649031424738,-0.2544032676937798,QSO,-0.1623715028258472,0.0,-1.1041657256601745,-1.2551028603941965,-0.1795365998493062,-0.3770465976674933,-0.0352490823625738,-0.164392757928489,369661990491948.4,0.7735794113845188,2,-1
-1.095397853048813,0.1921064081347002,1.6468896273853124,0.0807210051796328,0.2550239813069976,0.5832534632347602,0.5858486827893666,0.5069562251531496,QSO,0.6155404378150013,0.0,0.1921032786534171,1.646900405360591,-0.350257627761808,-0.2288654181734252,-0.2673277393704898,-0.1383663932865865,939301615296434.2,0.7941790807388095,2,-1
-0.643892037376877,0.7792208700134589,1.3694415175296002,-0.8303771179090165,-0.6596344555172211,-0.5607843510466193,-0.5085385777678213,-0.5301446624255407,QSO,-0.0414707730004964,0.0,0.7792194300358213,1.3694264719486482,0.0521475990514157,0.7957996171789514,-0.072725242136613,0.6206516411163847,206256896535216.8,0.8794631475067377,2,-1
-0.3853258559279364,0.7745505848660169,1.473274138125932,1.807548323323168,0.2892640386548658,0.1400251263607151,0.3447665639815787,0.6461714707010386,QSO,2.3165160560242497,0.0,0.7745519804568376,1.4732718171166583,-0.0215823314523347,0.5390020492255401,-0.1904340881577992,-0.022613822205594,249284186686217.1,0.9077916860948646,1,-1
1.743440746572691,2.191315672668206,0.2994488851625737,1.8977609727962623,0.4410293519689821,0.2487354710107423,0.1888719872501394,-0.1502552922982586,QSO,1.0053862292848847,0.0,2.1913160618522727,0.2994327087812866,-0.3687020611712203,-0.545258781357815,-0.4067294024217814,-0.918413001573167,1086345228944253.6,0.9996285643089712,1,-1
1.6299603369738338,-1.0677342329564887,-1.1882692475931709,0.5518389164297736,0.9140702676474012,0.9711205586342466,0.8300285303999307,0.4162991555027734,QSO,-0.708389966514689,0.0,-1.0677318531427948,-1.1882716410080685,-0.3617788717837252,-0.299116531825132,-0.3313725325401153,-0.4374974938899725,1057703151679108.2,0.8717400408410196,1,-1
1.63195329907827,-1.084216443092824,-1.2525645155657916,-0.9425409934959936,-1.0800653910495734,-0.9253655186757074,-0.960568696142186,-0.7656858834722727,QSO,-1.1682627892105055,0.0,-1.084214805128617,-1.252566564794397,-0.2707753030450675,-0.0844822524634539,0.3070031114689091,1.6008192347894938,525013236838225.2,0.4749955608688316,0,-1
-0.1533482689198706,2.055543205360621,-0.9878090142885392,1.0710820942461603,1.7569126047540748,1.723047494921693,1.5929954685725043,1.1368952179938316,QSO,0.3326530417465753,0.0,2.0555451922512877,-0.9877952340917506,-0.4150952725364057,-0.733179232230182,-0.4023049876277591,-0.747081729977665,2112194903841537.2,0.9840243527491837,1,-1
-0.0827711783631016,0.1230443124797367,-0.4087893587883134,0.2490483114683858,0.1456758495762651,0.3006943695431991,0.504913644158248,0.3087262161571351,QSO,1.399735218973155,0.0,0.1230457388815779,-0.4087922302461551,-0.3679526614186907,-0.8095910506521521,-0.334420884581814,-0.7783803328168657,1081560096037174.8,0.869806205449393,2,0
-0.2482788578376654,0.8908936191384809,-0.5238376085528361,-1.1468437145701065,-0.963385133927896,-0.9994487924149976,-0.9276576188322178,-0.7280021952360001,QSO,-0.1747857249413997,0.0,0.8908909483634733,-0.5238449921721603,-0.2714335082676243,-0.7184834859148765,-0.2137624015279108,-0.4689575379318652,524519451414066.2,0.8237914423034168,0,2
1.7656773093394944,2.0679391968227865,0.2352839424135618,-1.6855266552359176,-1.8145014180543653,-1.922983687365444,-1.81110604470094,-1.52670015448869,QSO,-0.268372461488981,0.0,2.0679388847527336,0.2352961495475957,1.4400430888682918,2.821605690451907,0.7468106770787217,0.7775975869964805,52330498524666.93,0.8854299594575302,0,-1
0.1686064275670893,-1.2372788420457046,-0.983088869100896,-0.0787828416755605,0.1363280498581591,0.2358852241460866,0.392992152621252,0.4562540399924388,QSO,-0.7322761198993756,0.0,-1.237278451851958,-0.983086827480208,0.1769144486645427,3.270468742784161,-0.1617545055729558,0.7580363745078295,174017375336743.1,0.9267554059395204,2,-1
1.622104163232923,-1.0538997540138637,-1.2062769988279338,0.6160701450519074,1.1363049637705198,1.584420312197443,1.2591006290969171,0.9525104213584908,QSO,0.1794374696910242,0.0,-1.0538993784985762,-1.20630171182936,-0.3945202024442248,-0.486852673638713,-0.3265328007258475,-0.5532051240758064,1546802869370046.5,0.8125975355355367,1,-1
-0.7017204473456758,0.4865711236817375,1.7682284133287478,-0.3906191594567406,-0.2108608504064293,-0.1287416738988881,-0.0571683306177114,0.0487832625639649,QSO,-0.7415103808706228,0.0,0.4865657154609774,1.768245466493535,-0.1401429269968827,2.553691762999505,0.2350042627703556,2.054387261946233,333262369404478.8,0.6745030529156033,2,0
0.5549702740272922,-1.124712849094455,-1.190587993860525,0.574708789873433,0.1614667654842555,-0.5743297002327791,-0.8653272827739859,-1.0693357377657111,QSO,-1.4922976518825228,0.0,-1.1247134739640057,-1.1905840827127456,-0.2096407351116088,-0.4969010895436632,-0.0428492546596196,-0.1705587487981981,411085310089308.5,0.7553794297822741,2,-1
-1.3440525763440725,-1.0858072869448758,-1.4001216635479188,-1.341574723143668,-1.3152655381941336,-1.3086229881536369,-1.105868673773006,-1.0020538199552402,QSO,-0.7107313591258945,0.0,-1.0858078168488157,-1.4001186366847829,0.7206326547280473,1.8036785284572,0.688886601311927,2.2565979442406405,86966427533564.97,0.830655768955056,0,-1
-0.0189602601222745,0.678793741981686,0.6291336105215599,0.4855036890846088,0.7851903397071771,0.7067072939672249,0.7645088167577755,0.7885845605737045,QSO,-0.453801452391435,0.0,0.6787929017107994,0.6291389146410409,-0.3597801032475838,-0.8520327954182364,-0.2356003648045357,-0.7482834194980252,1024960417279329.2,0.7351394441087921,1,1
0.1762812995156493,-1.192592856561364,-0.9968960853513342,0.8245882720182927,1.5497822629777278,1.7056333525513705,1.4882959009899102,1.1163272647231186,QSO,-1.2001861371811793,0.0,-1.192596342753232,-0.9969119750491928,-0.2131289677666527,0.2774897539574627,-0.3460455079179491,-0.2318732212640423,469338277947049.3,0.9538610604936548,1,-1
-0.4588043280092863,0.0158273173042002,0.6645830155926719,-1.097384927686444,-0.9073951584035306,-0.6291879071325645,-0.7267085012887998,-0.5018728114633246,QSO,0.4785728917636291,0.0,0.0158280446696229,0.664575324398849,0.2398390094144227,-0.0309394591066343,0.2847648954080167,-0.0057694911060801,151361786203897.8,0.8218576906162244,2,3
-0.8610621998190559,-1.3918674168719087,-0.9820444855394004,-0.7077302909379163,-0.6675211113999159,-0.4978227144513985,-0.5687884864940085,-0.936924996192984,QSO,-1.479740760874466,0.0,-1.3918642319245886,-0.9820459466206056,0.6568290226404592,-0.3475839500944024,0.5591872853666605,-0.1351691696024418,96189644253824.9,0.8413458292054193,0,-1
-0.4168088603555998,0.1234108143886432,0.7214610540932046,0.6821608936722116,0.8136386341411905,0.9317192323047574,1.0325265123447336,1.1968638838683845,QSO,-0.7077315259103248,0.0,0.1234023227617146,0.721466596920833,-0.2613616225032447,-0.3430107067222416,-0.2395626722136509,-0.4487112894606101,554391646721402.9,0.852323501015208,1,1
-0.8746007627763188,-1.177467874776394,-0.9770745599558284,-0.1745370089121312,0.0658146566926703,-0.1280557176605613,-0.0136259946946634,-0.0992078853070292,QSO,-0.5476478328002569,0.0,-1.177467807760882,-0.9770693838626112,-0.2764463779471399,-0.3616936489409131,-0.350986674210651,-0.2672296992809897,564557428189688.8,0.9442161812559184,2,0
1.733893765494224,-1.4363330418627736,-0.0743657832576252,1.1015011743756284,1.2168351140727391,1.479322670402603,1.4544775007465798,1.7542972075157923,QSO,1.3679450737125445,0.0,-1.4363337676009236,-0.074362971072374,-0.3664324268245801,-0.6763488988234472,-0.2854400641400382,-0.6748582721034768,1132637607833938.0,0.7937152424438322,1,-1
-0.8746007701526061,-1.1779317140718544,-0.983345400791812,-0.7550776706523401,-1.0557804763393517,-0.8186398740752385,-0.8190354834165208,-0.988372133724808,QSO,1.1061537413698932,0.0,-1.177928227153519,-0.9833520012275794,-0.4492475006872987,-0.6257709085023344,-0.3662911323358858,-0.4437406930508076,4520829243649763.0,0.7044762813010518,2,-1
-0.8931512473520445,2.0040553163540573,-1.0432363401317848,-0.5902101087426576,-0.5925186618726224,-0.39739872116036,-0.292311608407159,-0.2838470559227467,QSO,-1.051257393459648,0.0,2.004052595319406,-1.0432288304711494,-0.010500604484344,-0.1251391046118994,0.1248628630316567,0.6726965328414792,236326955188424.3,0.7923083865704482,2,-1
0.0674489466630656,0.4646299744846606,0.3332570036195298,-1.118721252765077,-0.8647491229664072,-0.8767998170021718,-0.7900561388177666,-0.6365820036444843,QSO,-0.2562124739875597,0.0,0.4646299425870183,0.3332604130027301,-0.0966424102177163,-0.556598723479317,0.0651915829928904,-0.3724086532570741,282783920747476.4,0.7755173738535687,0,2
-0.811816372922507,-0.0061936068732697,0.910933365766391,-1.335662783069797,-1.3483525242020094,-1.4145346313512897,-1.3028127395802886,-1.1642444868024366,QSO,-0.5019275239217481,0.0,-0.006199849481364,0.910933855177053,0.1608330127708007,0.7595600704672028,-0.1983069002585596,0.4332143400996899,162788216733969.12,0.9357941512941734,0,-1
0.1687272659042988,-1.2398875365624744,-0.9449295446592928,-0.6502926074883896,-0.6180974810636004,-0.4295106191972299,-0.5045151962754573,-0.4859653529045687,QSO,0.3662295908649901,0.0,-1.239889296233336,-0.9449343695142416,0.0642012486156375,0.4811931804954952,-0.1766232481084506,-0.4298533727987926,203096028401077.88,0.917171875554644,2,-1
-0.2978285286996813,0.4326459011550067,0.966192679838668,1.3992392190232532,0.9669619140749915,1.4548111674863953,1.1564814888463646,0.7808443237421454,QSO,-1.2790541771135229,0.0,0.4326451809657377,0.9661677475858818,-0.1725507712306704,0.0549620251496218,-0.3005765618271099,-0.1640068832294272,400902862924234.5,0.9311022887973974,1,-1
-0.8374975290758779,0.0052002179498161,1.0443274815331651,-0.0063726884399501,0.3356773606073855,0.3211633036948715,0.3271058438545054,0.3629442131180985,QSO,-0.6154716776786237,0.0,0.0052039902309617,1.0443476056378636,0.1395431573838334,1.6495345400050356,-0.1944956475412018,1.4808774051995,185473157832755.72,0.9324646424376628,2,-1
-0.6799060220624585,0.3146913024237013,1.4261774477064832,0.2635244153585435,0.007448121917938,0.1691188169489477,0.2985572485271463,0.368676712461658,QSO,1.533527536971442,0.0,0.3147038575548826,1.4261905553079186,-0.2946364383718456,0.1672643470019471,-0.3493168968715007,-0.3231703162657237,632195294657662.6,0.936924832833025,2,0
0.3035365345801838,-0.0162925562853842,-0.1674756985185427,1.460544111393283,1.247061426908877,1.4222145270411066,1.8305766039404672,1.1791848922319823,QSO,1.468880272457937,0.0,-0.0162915593107544,-0.167461368967307,-0.1524701787659503,0.1938456530243875,-0.3751080045041172,-0.4434256898932763,375164710562362.0,0.9801897486149186,1,-1
0.7989727139060745,0.9049421687353624,1.634746241897078,0.6912066064920065,0.575225730972987,0.2340834457600816,-0.0253387089252787,-0.319523006671023,QSO,1.3417575561452595,0.0,0.9049422767258756,1.6347412880083554,-0.3371084617900152,-0.420482457096441,-0.3838959224060276,-0.6703302267813894,832865998011053.6,0.9663959651605378,2,-1
-1.113043385203455,1.1905481767083022,0.7340631986013993,-0.697402916924163,-0.2852735611567805,-0.4181511838905398,-0.3413620360771586,-0.0517489683961582,QSO,-0.3874137626205536,0.0,1.190545594466073,0.7340534695168983,-0.1024255469835233,0.6459022944523248,0.015928838444046,1.341878301470278,294636387587060.8,0.7937098849807249,2,-1
-0.1460977547749767,1.8895496443277084,-0.9816166162886074,0.7696027842635664,1.179919227050386,1.3108884026022616,1.0133444224506185,0.8791962062990113,QSO,0.5372808029512621,0.0,1.8895528690427223,-0.9816169482542924,-0.3752489032613641,-0.4345288061566695,-0.3583083289547195,-0.6010173172058557,1224576897293884.2,0.9044390911857848,1,-1
-0.6425022563495115,0.7567100831195969,1.385713420650928,-1.7139380464430534,-1.7908414504062775,-1.6952370701577784,-1.4878516287165442,-1.3706598870956743,QSO,-0.769388152928346,0.0,0.7567097412379287,1.385711869733093,1.010185693135958,1.4541535574241828,1.5103378353567292,1.3847173968420003,68420893771195.71,0.7695212406279083,0,-1
-1.536511844672181,-0.0258754621743467,1.4776587228949791,-2.5415429807691368,-2.931933171362596,-2.7308572144508187,-2.6868284783189504,-2.454592841419301,QSO,-1.1753142837420236,0.0,-0.0258757074131755,1.4776589412282504,5.6655443715491325,-0.418561521432218,8.587563847405194,0.5007726787526424,15517076953922.123,0.7427248125692121,0,-1
1.741143918229858,-1.4194864035133985,0.4807492373807301,-0.3955828184160074,-0.4476717765984614,-0.3662746001066823,-0.4863045834615018,-0.4259512631049501,QSO,-1.1754838636388962,0.0,-1.419485801316174,0.4807526179611397,-0.1665582909898536,-0.6193766685029798,0.2890129491933674,-0.2227139499932276,357344567774476.94,0.6274545099921152,2,-1
1.5553330966736878,-1.2329892624488683,-0.8283009052109024,0.1568724237502123,0.6293408653109516,0.7022622975428667,0.7725097553519286,0.7619752252689694,QSO,0.7146324356079434,0.0,-1.2329924441468918,-0.8282961249368858,-0.3664489103429085,-0.5600900648299512,-0.3094642268084151,-0.4383298593006755,1088945468317330.0,0.8310403130091035,1,-1
0.9980787620516512,-0.0712141223162733,-1.0711925949340406,-0.2726915127200492,-0.7376384113570128,-1.001625560211287,-1.0406239064742917,-1.2622874866688434,QSO,-1.058939470972918,0.0,-0.071217228061298,-1.071190251976544,0.723187441842066,1.1995645595948743,-0.3436700888809761,-0.1808827313203511,88322553772641.95,0.9894003257826848,0,-1
-0.6207474092805289,1.111397999706864,0.8134412437265259,-1.24643545694235,-1.0236177078177289,-0.9848882279961136,-0.806021356493612,-0.5383482232927935,QSO,-0.4449884365388149,0.0,1.1113970964136923,0.8134377757073654,-0.1580016789413977,-0.4937027925759878,0.2847921478407472,0.1289692324377577,335830781572404.5,0.6375437975771426,0,2
-0.0619236442135537,0.4938101594174415,-0.2819929783511384,-1.5048642860110786,-1.6190338207474064,-1.479023663837182,-1.4491758430724122,-1.5745133780150864,QSO,0.9030770817737614,0.0,0.4938095921858896,-0.2819901009997225,-0.2145409658646363,-0.7107972654306199,-0.0606414672733537,-0.1007324374379901,397845016402457.0,0.762023110453518,0,-1
1.6297791162918287,-1.054875503107514,-1.2422687554199212,2.187179332352464,0.6779194968026931,0.3726008754862003,0.5998984409392357,0.9027167146991346,QSO,1.777790204056818,0.0,-1.054876069911101,-1.2422655452251468,-0.1909001568201111,-0.4425831078959023,-0.3036647243611129,-0.5713157211767573,403936513222263.7,0.9288331797287251,1,-1
0.2557391080078965,0.113986881533281,0.3117484813421254,0.2388691063787893,0.6669433138945207,0.6322673229840019,0.7396628321887612,0.5598205891470912,QSO,-0.4278668171265047,0.0,0.1139803918152015,0.3117629217396654,-0.3027298737934835,-0.387441166055245,-0.359646983462374,-0.4950154612543197,678624061883038.6,0.945532418796164,1,1
-0.8374977503933081,-0.0478358668518212,0.9226431119691212,-0.6490850307565096,-0.2207367744023963,0.0714477946943938,-0.0196748142503827,-0.1740029203237189,QSO,0.6776440038754179,0.0,-0.0478405609172006,0.9226768448014956,-0.3681850594814473,-0.2464465118602868,-0.2460983598691877,0.2374926561478016,1070805044425550.2,0.7319053865246985,2,0
-0.6208692508216136,0.8788617479458548,1.4060338559423478,-0.7302371505173912,-0.5158262146561812,-0.4113007675904492,-0.1581194630513858,0.0353741198839421,QSO,-0.6685568117274491,0.0,0.8788618099063442,1.406035188693977,-0.1203007917538304,-0.5554827100344076,-0.1670910399977875,-0.5239949179643658,309691690836386.94,0.8717185605708795,2,-1
0.0550630982670741,0.5951540040585797,0.4765848895741824,0.5474308909360962,0.5963154938021604,0.6218407881614366,0.5046112031804606,0.2255277550028953,QSO,-0.9139113353418112,0.0,0.5951524408453545,0.4765818079686753,-0.3886524422178634,-0.902780454968124,-0.3298990708715728,-0.7895901991858626,1370345696821091.8,0.8312391891782308,1,-1
0.3458340980192666,0.2990802348272448,-0.1670665916772439,-1.071129394325793,-1.0971502114383167,-0.9547427378424476,-0.7786550304430497,-0.8468311832134469,QSO,-1.022445714888526,0.0,0.2990800977063508,-0.1670677108084643,0.1258407464583655,-0.4897877427460474,0.2240705867588866,-0.3705753732342521,176916119453870.97,0.8080155296232868,0,-1
-1.0509860759519325,1.1382159041348188,0.9844428683006048,0.8650013460821602,0.2242959504068942,0.2798687381476006,0.2778812835003293,-0.0080057285558371,QSO,-1.0297683479313915,0.0,1.1382155796359126,0.9844406774485658,1.2978433596226964,-0.5046677981201388,1.0121861831821248,-0.1900199073458652,64006196775956.72,0.8505744771198104,2,-1
0.1685459051304636,-1.2573303744826023,-1.0020345049928243,-0.3243506081274466,-0.0997258982022754,-0.0413051187201688,0.1713212456604451,0.57079500944348,QSO,-0.5917467198577904,0.0,-1.2573322194955834,-1.0020495962991087,-0.1484473440071532,0.5022651199675181,-0.1995911365080606,0.1929918315729029,343412454421321.5,0.8790110527302228,2,0
1.6221039935783168,-1.0897706075012987,-1.216917229146418,-1.384832640551356,-1.447833534008072,-1.0952997441171886,-1.0933127907558355,-0.7608073539199884,QSO,-1.164574358837938,0.0,-1.0897694982308668,-1.2169107687582517,0.2935828368255986,-0.0937408195988903,1.336265554152926,0.8888770798892136,137094859270096.48,0.6271450161668513,0,-1
-1.051166831841402,1.2002021497960444,0.5472150912501168,0.5148559529601437,1.0282771427344353,1.363670448620712,1.455733089048298,0.83422652048186,QSO,0.7304328464138384,0.0,1.2002033854418852,0.547216918601608,-0.42759772334966,-0.5770738782306329,-0.3815273727719869,-0.6854310554255435,2647963600718647.0,0.8929920117563978,1,-1
-0.8693425616802133,-0.0538491430852062,0.9176737108392348,0.1713559360865748,-0.0334022909744667,0.2227788869524556,0.2347788617267876,0.0640638709567825,QSO,1.0593921524228689,0.0,-0.0538441225789556,0.91769197613777,-0.285429867513729,2.0334950342400533,-0.1542901335339229,0.3125400322834088,602861266903177.9,0.7608725387581169,2,0
-0.748550901587507,-0.1787847000270159,0.2796818454583197,-0.3997093229537837,-0.2384905522097576,-0.1288788651465548,-0.2514912412841848,0.0835143956708273,QSO,0.0917833249104285,0.0,-0.1787849942517834,0.2796795214582967,-0.2628417512359905,-0.6687031495194752,-0.1980173316131573,-0.4569224245731749,527962380760207.7,0.8178225587252801,2,0
-0.1842263956955893,-1.3475935842193874,-0.9625358984527462,0.2650431468311549,0.6291736259562963,0.6198103576959884,0.6232047259849763,0.5426866846115053,QSO,-0.6839689738220828,0.0,-1.3475958028032693,-0.9625434986626766,-0.2489376848005829,-0.4185371561298018,-0.2047444098704207,-0.4692591588747899,515264256575913.5,0.8332348190085986,1,1
-1.1466997683446258,0.0141886638368591,1.381630486978882,0.7626092110433469,1.133153822245961,1.250103533803333,1.3263341749465227,1.2358285267915696,QSO,0.0189004816732072,0.0,0.0141875093859905,1.3816274436692395,-0.2881450780732069,-0.5121614501210616,-0.2239544764875221,-0.2514713703325733,645133195322544.5,0.8185147313387289,1,-1
0.2715729428537623,0.4690863323884278,0.3786444379270912,-0.9292428325528884,-1.0477793935297852,-1.014741043488095,-1.1060428064571857,-1.036203526821234,QSO,-1.2980367127625665,0.0,0.4690886924255255,0.3786331653793869,-0.0252568064573229,-0.0175513448857491,0.9749243476248136,3.598560088242297,235832859219711.7,0.525505938179892,0,-1
0.0198330137242243,0.2377393402737984,0.5537244880673625,1.5107733766825653,1.5928067874806515,0.2132943986971925,-0.2881782483774191,-0.6508087769757294,QSO,-1.3903445680623612,0.0,0.2377389303565304,0.5537433601181191,0.0779096907776253,0.2896736440792671,-0.3261101743871668,-0.2440973115037661,205051978403943.1,0.9708654151456598,1,-1
-1.1772160513220395,0.0343274867310894,1.5104455262168346,-0.0264125354322093,0.0666596555372441,0.1981393388717584,0.138932566403016,0.5428320411717232,QSO,0.0667655570305029,0.0,0.0343275032491531,1.5104639534727111,-0.3978787821290176,-0.8051489875903729,-0.3011218876251032,-0.645675622514949,1505024533314354.8,0.7510600084303175,2,0
0.1762814986754042,-1.1516860960347184,-0.999019122578433,0.4361263951092297,0.8860972850634619,0.7888391209028832,0.9432880941416778,1.6197333718948508,QSO,-0.062489754954966,0.0,-1.1516890272738338,-0.9990176489216498,-0.167311544032382,-0.4205994931422845,-0.0953097488554383,-0.1684482776697083,380935357036438.9,0.8136463773441256,1,-1
1.629960226300712,-1.091982096588119,-1.1881031479502124,-0.4622958765177719,-0.5674855711021001,-1.2142537019262276,-1.5276730241250156,-1.6715116276049338,QSO,-1.4225129549270803,0.0,-1.0919822206896652,-1.1881005646592202,-0.102525546374218,-0.4270156206166909,-0.1603753939051016,-0.4067343672361757,281802455971926.06,0.8742840731152962,0,-1
0.3034168026284299,0.2308321325241694,0.0439941065135493,-0.9572912098958396,-0.697817840806435,-0.5547204978998095,-0.4126006336628994,-0.2306738092383459,QSO,-0.0728430539219231,0.0,0.2308326451747493,0.0439916321733588,-0.3261184971072869,-0.6491816279264575,-0.113333191432306,-0.1545807180710376,738197237273014.1,0.6644792081821181,2,-1
-0.1460958443742144,-1.438079497035781,-0.984057371766222,1.8346410111053075,0.5214626794869276,0.3842804237041105,0.1477766737837209,0.3965488328832794,QSO,1.8543986662404817,0.0,-1.438084272918381,-0.9840732605526564,-0.380913928311989,-0.418581013674151,-0.3774346751746615,-0.5761595409055046,1239488412590961.2,0.9374002096447456,1,-1
-0.3836351003108319,0.4686265234933741,1.1144219739542762,-2.094095055153105,-2.3809587164147663,-2.159995286832107,-1.9896195406195123,-1.870313978056804,QSO,-1.1334944477227622,0.0,0.4686269826932838,1.1144242495037116,2.71365468828108,5.470988570968793,4.4765726157990615,8.332341159721606,30967804511987.37,0.7324932643668408,0,-1
-1.580744960687535,-0.0527496148626913,-0.955858453166354,-0.4874771851782825,-0.7356403411724464,-0.5631257483401071,-0.687583636617047,-0.5590251939836685,QSO,-1.1664831469115875,0.0,-0.0527484834392987,-0.9558712054644044,0.3790499258956945,2.4827337252007453,-0.3275847273077826,0.2815840099692232,127093457991620.7,0.9814089487933638,2,-1
-0.1191479362591777,2.1993088646266865,-1.0279970062730508,1.0369217487817255,0.5189980995235846,0.263561271841779,-0.0996200460451096,-0.4955770554489226,QSO,1.2103426022514536,0.0,2.1993092054312227,-1.0280024231900018,-0.05774320568529,0.4703062678104444,-0.2337320950644514,0.0745382209767624,272787181035401.3,0.9193230287331092,2,-1
-0.1461573921147635,2.056391982028321,-0.996375775655482,-1.464643831548616,-2.625858746129341,-3.216834344097388,-3.5193843360166155,-3.6102955973501007,QSO,-1.8935369811078109,0.0,2.056392387470857,-0.9963767027098434,0.5205025264099191,-0.317745829081365,-0.3526428657501796,-0.6244261039950476,92947902361405.62,0.989049966265664,0,-1
-1.5273255493437397,0.6395578768761678,1.9926392047521344,0.6545644315479384,0.847649837635319,0.9528558305283986,1.1524581073540003,0.8419395029583763,QSO,-0.7681901399248419,0.0,0.6395638120426378,1.9926520914614425,-0.1837143480350135,-0.2136928552789707,-0.3561357095887688,-0.6401695290751717,405952979139523.2,0.9652232770776884,1,1
1.5554548275416504,-1.0476985668885015,-0.8229028703664916,-0.0995783501810191,0.0365301654853803,0.2104774050784633,-0.0487366427521664,0.025353602013977,QSO,0.1598925075738044,0.0,-1.0477016298476394,-0.8229102391386313,-0.2504974668082324,-0.4362059649053619,-0.3083615772134425,-0.4770166744324184,507820429304567.4,0.9145036571324852,2,0
1.7396933861585904,1.975377553540325,-0.1307291958064573,1.08835118235668,1.2012114375194072,1.2528473587566402,1.2024158579573558,1.823432421469032,QSO,-0.1740811705054299,0.0,1.975379204743433,-0.1307282029851646,-0.3680284800185232,-0.7608516082353972,-0.3609804588530456,-0.6817897173108559,1136904427948428.0,0.9154269149943332,1,-1
-0.4734263937960384,0.4626236275078078,1.1582863361525335,-0.3521619151917474,-0.124239666766234,-0.1523934449963964,0.0219154026342315,-0.0949380363506533,QSO,-0.4983641823885804,0.0,0.4626240512497813,1.15828965431696,-0.2420232816588823,-0.5216979055954114,-0.3054462944126632,-0.5215182911010166,479734602360378.2,0.9151764827126248,2,0
1.6318926807499106,-1.123825312003616,-1.2883962030254132,-0.3557920538335976,-0.3218901777550123,-0.0773589786066234,-0.1093348168467161,-0.1531896778576391,QSO,0.2408310720683616,0.0,-1.1238275643693236,-1.2883892864362076,-0.3689778692449784,-0.5769008019892321,-0.2831726155462982,-0.4673904430812028,1070372287688979.6,0.7856802155027023,2,0
-1.5810470343728833,-0.041731921963601,-1.049317537630001,0.9215722413253686,0.9445430384798732,1.2764259611887232,1.3324746432833892,1.4564525308460226,QSO,0.1546834026076707,0.0,-0.0417283049211201,-1.0492923218789654,-0.3519091720547199,-0.4052367569976151,-0.3527594565074098,-0.5090035441627341,986555371517459.6,0.9136608925946113,1,-1
-0.0567274997930016,0.1040982521169914,0.4470126791094371,0.5117518139990501,0.4385207616491524,0.7188258541776638,0.581339562756921,0.5247805733497664,QSO,0.2072977969268203,0.0,0.1040974910858652,0.4470252173645514,-0.3838159396692371,-0.7014752865632172,-0.3855848385166596,-0.7514837698678257,1302455183497297.2,0.9528534554115782,1,-1
0.4185881375278111,1.2341454226969804,0.9347332894697824,0.2188959354024035,0.3597246193925706,-0.091690890946064,-0.3467234897742705,-0.4998287348352721,QSO,-0.1476272475180187,0.0,1.2341445371273112,0.9347346831332208,-0.0309130638770808,-0.539514971041606,-0.0652477981679823,-0.3937014659510222,251397708743561.38,0.855473771820605,2,-1
1.6545522662988343,-1.39962359677743,0.0100659836287258,-0.0596542335668702,-0.1951403510688236,-0.1017241441919905,-0.2945753333014977,-0.1932444949824531,QSO,0.5473974473571932,0.0,-1.399623354009842,0.0100633106516706,-0.3264003550324925,-0.1565178147887301,-0.4026706584750431,-0.7488535602050659,758198083695825.2,0.9941686746500902,2,0
-0.119085525493024,-1.1130046842220644,-1.0069919219134709,0.3738139540549323,0.7665299485561575,0.7628368064287098,1.0424337455867518,1.1608063721495396,QSO,-0.5278621591866788,0.0,-1.113004808755942,-1.006999529982214,-0.3858141683724802,-0.6611129448455877,-0.3740030742500495,-0.7147908838678972,1335392580739263.8,0.9265925041876896,1,1
-0.3224834073462432,0.4926007943981854,-0.6255259585205455,1.914748539950881,1.090340547454182,1.4478784364377053,1.545063156032504,1.063789952989666,QSO,2.021269882623141,0.0,0.4926006028489866,-0.6255331628236306,-0.437607086226196,-0.8393447809948715,-0.3615348870790473,-0.7724600160614145,3414202655287290.0,0.7703485153563255,1,-1
-0.3366817201848812,0.6321608874806819,0.9738699320112836,-0.0354212060209638,0.4655871308894304,0.4980759906009326,0.7115999754014803,0.9152718875878856,QSO,-0.7070106085018498,0.0,0.6321603615988027,0.9738542551679964,-0.4155545865657612,-0.5926086994857573,-0.3294213680592023,-0.5057740947717642,2000710543174288.0,0.7601582169636347,1,-1
-1.051710419951664,0.7589095631478135,-1.1383703369904972,0.876491846150548,0.5824610335796552,0.8812419992470855,0.9656870562540594,0.7327131327402702,QSO,-0.9419183884054436,0.0,0.7589089807918861,-1.138367984431317,-0.0121724855855832,-0.2519509227559756,-0.0365436883936816,-0.0350954679650676,253857482055728.62,0.8501375371597034,1,-1
1.631953306483371,-1.0814765809707787,-1.2586624497850665,-0.202911357888229,0.1311964422916283,0.0449881760613369,0.2481779135305133,0.3684859319763739,QSO,-0.3164038711948835,0.0,-1.081476816616664,-1.2586593249971316,-0.3285606546022813,0.1145797078556522,-0.1603912141732545,0.6881863837149218,775656898986723.4,0.7062926518766014,2,0
1.6298998808949794,-1.074646419943508,-1.2055815580531384,1.7422206446622732,1.2875597569493729,1.2381861874228022,1.4283850927539643,1.049826638423814,QSO,1.877547539244188,0.0,-1.074645649502333,-1.205583500091892,-0.4256817447037112,-0.7217305754330685,-0.3861106386971982,-0.7142664136160015,2524441786109825.0,0.9148936161420984,1,-1
0.3034155855698525,-0.0347354840905591,-0.2266090361015056,-0.0024017612725382,-0.0848680018518382,0.0857431227011251,0.2796592698545866,0.3104250709546722,QSO,1.3723022222589834,0.0,-0.0347397483868726,-0.226640964371428,-0.4336963459072567,-0.756861500884878,-0.3908799703181857,-0.802861687431121,2864307219999218.0,0.9207311301448126,2,0
0.5448193520853573,2.27542880981634,-0.6062881199008847,-0.0060985759302591,-0.02004074674463,0.0627041391765216,0.1270548843663321,-0.1074387005293184,QSO,-0.7417667791835975,0.0,2.2754279383706955,-0.6062895502596594,-0.1081740972139783,-0.7781094280454549,-0.1596381232186142,-0.6749070900888486,307201490600853.6,0.8721040390241422,2,0
-0.7958043785826452,-0.0937019350853639,0.9569297869310542,0.3833189905396156,0.4438108064990411,0.9247865012560677,0.837626214357035,0.8944132211967364,QSO,1.189517000881137,0.0,-0.0937038794135006,0.956927796118445,-0.4337409565810839,-0.4426464989793073,-0.3512506070930611,-0.4427752142094538,2996425304957541.0,0.7491864864767492,1,-1
-1.5271470579168187,-0.2861803799512064,0.6759574905267214,-0.3174755700465536,0.1971767687388291,0.1840452246949384,0.2651787624333223,0.4458428763668891,QSO,-0.2226778465342411,0.0,-0.2861769716530603,0.6759499192205835,-0.2497343292391853,0.7137985635711858,-0.1411086168231107,0.6168324154324559,505371925737359.4,0.785671104446891,2,0
-0.8374976028675638,-0.0116771595402471,1.0036074597669824,-0.3163198524381293,-0.8783747293351727,-0.8114510526975732,-0.8075335613825426,-0.836038458617329,QSO,1.5911130293839215,0.0,-0.0116781745295989,1.0036027089865476,-0.2228080227153527,-0.6167785426200761,-0.1461255818312545,-0.3478336127182871,427036004242459.4,0.8098226599423854,2,-1
-1.5296812994112448,0.9716573210258987,1.4861458620481225,1.6615871161359406,1.109405833884894,0.2895087098168851,-0.4929949444852503,-0.7596263318682244,QSO,-1.1034574394502348,0.0,0.97165560513766,1.4861429566514754,-0.2101917928112991,-0.0743802328931881,-0.3487541225879753,-0.2632552649211095,431703559590028.94,0.956351383107713,2,-1
-1.0546110859187576,1.15979272107072,0.5955081299358093,-0.2173652364397612,0.0435542183809065,-0.0221166362133766,0.1598101587483525,0.4042073066497163,QSO,-0.2226156401924856,0.0,1.1597942423919847,0.5955051703485209,-0.3092195773635719,-0.6043694179908511,-0.2552957556770594,-0.6017323693707549,681515259198435.4,0.8292323325487088,2,0
-0.3340854736200985,0.1529681685827088,0.8802891008877273,0.8594153776414357,1.0266223533304768,1.3541585221159134,1.361252360563617,1.3227154106613166,QSO,1.4750995543217091,0.0,0.1529674705667722,0.8803105472935874,-0.4286129861509145,-0.7041119633101981,-0.3349667473451132,-0.6372605441193451,2707433962342956.0,0.7184340119624918,1,-1
-1.1771552707153612,0.1484838237013977,1.7072872869032227,-0.1992367685691308,-0.0369847339926099,-0.097215125185391,0.0625249775605685,0.1110867181870027,QSO,-0.6151187243047503,0.0,0.148478299604584,1.7072881322974125,-0.269855036872734,-0.5732412574576804,-0.0119131244541285,0.050740474491995,547139280562332.8,0.6721796807607223,2,0
1.6220434932705527,-1.1052675993762364,-1.239229719658292,0.5653222885280763,1.1987644616986586,1.1275643113886389,1.611233576020803,1.1420553758815388,QSO,1.6456558202974914,0.0,-1.1052642470100134,-1.2392260868170442,-0.4483340429247095,-0.7778734562861219,-0.3527877078110857,-0.6484231662680836,4829165540825006.0,0.6361264849071423,1,-1
-0.39215529474579,0.1664259975860116,0.9932312510965832,-1.351627984647733,-1.821384637809128,-1.72481550315443,-1.6502899284218957,-1.673582958588026,QSO,1.1713879091947437,0.0,0.1664258947614092,0.9932253335787344,0.0189107204051222,-0.568633407096664,0.0101985756521048,-0.4154163812084965,205978039693294.62,0.8425415709463489,0,-1
-0.93925498242966,-1.402852298442112,-0.2749088542189966,-0.0260198877831919,-0.1172772283697921,0.0377536242677849,0.1183299204011172,0.0595578175900532,QSO,1.2217858645109096,0.0,-1.4028575258453764,-0.2749097032409142,-0.4117180127718359,-0.580666645314715,-0.4038059041736132,-0.6784649456965276,1829935874271192.0,0.9897844047787066,2,0
-1.4730643634788845,0.1021979528550436,-0.9014851793903144,0.2600572625332654,0.0499797304281932,-0.1968434092399712,-0.3494087990618836,-0.603449792700007,QSO,1.7733032335797585,0.0,0.1021979791116201,-0.901496717371254,-0.4035377666356588,-0.7688649845259953,-0.3259149499686323,-0.6611323930541537,1593660192283624.0,0.789330663866824,2,-1
-0.8117546185882886,0.3792617153711862,1.3844271049404009,1.247269761961451,1.0326253659554765,1.2745235758877642,1.2454907850965544,0.4195605933226429,QSO,-0.753969094043648,0.0,0.3792627597548907,1.3844413618830973,-0.3080542642852247,-0.586416319822353,-0.192552110277161,-0.3365182207084086,723959121108204.0,0.7682647157362998,1,-1
0.5547889501060794,-1.112127098123342,-1.2331011209706804,-0.2798406633106332,0.0976429465049792,0.1596526208600393,0.3555536255226063,0.3267322600540227,QSO,-0.3792850165272437,0.0,-1.1121261727966014,-1.233111566188209,-0.3792316135438688,-0.4105851886607171,-0.3823530435371439,-0.6500942129945142,1202804401446222.5,0.9484859253153902,2,0
-0.7861957392057618,0.4018866094673872,1.3762856316258234,-0.9853692210236238,-0.8196385075659406,-0.5778143579234771,-0.6951354961835794,-0.6524167839231311,QSO,0.6205805038089734,0.0,0.4018859218761027,1.376310216144592,0.3222348588210891,3.097588414933624,-0.131189216310137,0.3214700966510859,136064223122370.77,0.9324799133943854,2,3
-0.2946244097391569,0.4435369522454414,0.7911544405623878,-0.186746128262683,0.1108988658792417,0.2360041232273953,0.4106620376264364,0.2463228278989486,QSO,-0.7191946671529067,0.0,0.4435353664144155,0.791153629334676,0.1532126571174271,0.9043284557380872,-0.0275709634888625,0.2887422024203573,180606473180339.6,0.8849302995108839,2,-1
-0.816530285161065,-1.0586710225026856,-0.9623562738966188,-0.5378990700689696,-0.5705927022701724,-0.7152891341673396,-0.7096618279954157,-0.6693962471134858,QSO,-0.3063670131838127,0.0,-1.0586720066953212,-0.9623665170510394,-0.1122194188052324,-0.0952132272130408,-0.3720238836444598,-0.6641461011348769,297688447982167.2,0.9806897527906888,2,-1
-1.529620607320013,1.0399776065943511,1.317553195551722,0.4677011928471249,1.0259005834840715,0.8799981319349213,0.9822754856417084,1.1108854784999918,QSO,-0.4322266702964981,0.0,1.0399779745091504,1.3175544988253345,-0.0723087908003549,-0.6238114426225955,-0.092650234754891,-0.6227668761403958,291951668940063.6,0.8534836622856113,1,1
-1.0655484749801898,1.1448272847851937,0.7687128476427443,-0.0835390641410046,-0.1847275007237014,0.0213455510470092,0.0551564155563334,0.1262764787296849,QSO,0.958651686573406,0.0,1.1448303630950645,0.7687069218301621,-0.2781374882685182,-0.065726173040411,-0.1505437785589149,-0.0298272110808376,574069542562651.2,0.7657656201529732,2,0
-0.082771171015628,0.1242671527443084,-0.4080887848328486,-1.536231647255151,-1.7345169961726017,-1.6398666826000423,-1.4760472657047818,-1.4404673751399175,QSO,-0.911617273642811,0.0,0.1242682875106235,-0.4080785773700594,-0.3930790905995832,-0.7212717850479952,-0.3879110732637566,-0.6968055001051735,1276080929398194.2,0.9531100759651248,0,-1
1.71467665636625,-1.2930458567420895,0.2815035508091648,0.1021017809355137,-0.0671318281870684,-0.1531708620664999,-0.3214834154463249,-0.1561513177720625,QSO,0.1537827629639933,0.0,-1.2930473278374768,0.281509024101588,-0.4188598670593018,-0.8185122409433689,-0.3768367296635984,-0.8137723091382915,2050727421847729.5,0.8937007713178557,2,-1
-0.298070699642971,0.3044344542289512,0.8467209802824129,-0.1836716230864223,0.1155903698808909,-0.342403323012908,-0.1134223524858841,-0.5094767765196789,QSO,-1.570489265463864,0.0,0.3044350937077666,0.8467133181472888,0.0845191814063736,0.1488203912325685,0.2119644094721115,0.8863887383769409,196631409756981.97,0.7987730330025656,2,-1
-1.263445210370297,0.2313522254236692,1.6995957565037294,-1.0722406612569717,-1.1790006724351838,-1.2937971873226002,-1.2393642883920604,-1.275832901124071,QSO,-0.6510875129571968,0.0,0.2313584835751697,1.6996049769084711,-0.3716233017486076,-0.6671366257626017,-0.3718288757441937,-0.6720351250911862,1026161100451650.0,0.9325072978060518,0,-1
-1.0544292751914022,1.2415666386399422,0.2143504390688224,-0.6277561141240844,-0.5280522916886199,-0.2907462452253164,-0.1785846358815624,-0.1911913335693874,QSO,0.6303725933883538,0.0,1.2415655365214522,0.2143507628862933,-0.3659863014713801,-0.7786486652256246,-0.2424436123301334,-0.4899810387679978,1028415883185338.2,0.7315145629616709,2,-1
0.1643790331045856,-0.8743231156719908,-0.9401467978619462,-0.2827077319930738,0.1370498197045674,-0.1062057249490613,-0.13769094973367,-0.0014555985610553,QSO,-0.1170000903858806,0.0,-0.8743206174253532,-0.940173662621402,-0.3846098477134925,-0.589920834955141,-0.405702435772639,-0.851129053036649,1258011761546483.8,0.9972204587167935,2,0
-0.7469174744458492,0.4436064784398842,1.3041179766152835,-1.0535713768131694,-1.051634700758158,-0.8964730419173828,-0.7943727964098004,-0.8225384680871706,QSO,0.8318967990641529,0.0,0.4436112730041415,1.304114737717975,-0.3190705970128002,-0.663902730675125,-0.3152675399772432,-0.657188662747413,691017113803921.2,0.8867116950095832,2,-1
1.6220434416653555,-1.1148853109676804,-1.2374346138175274,0.4379933235536104,0.5700149047647741,0.783680729990663,0.7325967111623102,0.8173288203566275,QSO,0.1545549329888279,0.0,-1.114885464580427,-1.237428918102112,-0.0361924062441979,-0.1613006823559161,-0.1164229937313292,-0.1975301229126948,266479453490254.16,0.8743685515422244,1,-1
-0.1189050351498943,-1.2791261861044498,-0.9528822356536976,-0.9917182594237576,-0.7675654537690321,-0.6153590293678972,-0.73332554328763,-0.5786029056879048,QSO,0.5086496580024089,0.0,-1.2791263108872997,-0.9528872235383946,-0.0679727785007819,-0.3521571521694405,0.0514712764488838,-0.19887042883046,266639064928603.38,0.7952265599420755,2,3
-0.7860749377211749,0.3821048191986272,1.4109397793298455,0.3642941006778339,0.9474477220080978,1.0957725262629887,1.472074066726849,0.5800524053723054,QSO,0.0474356124858727,0.0,0.3820978930042145,1.4109443623339892,-0.1644435979925149,0.7737185412156686,-0.2069464295303256,0.5411786290362014,383371310629096.6,0.8773586166386169,1,-1
0.1684855670722047,-1.238697992163034,-1.0203184455233345,-0.6874015145435536,-0.5651442201369257,-0.3025538386077127,-0.3514434020033532,0.1015386091377446,QSO,0.3950784580099873,0.0,-1.2386992309689289,-1.0203047289309215,0.0635155491451179,1.8443839460219869,-0.118159828221694,1.2770366774498942,204777519827964.5,0.8971010322934903,2,-1
-0.811754397299672,0.4564320573009457,1.3934453432912084,1.5355249954630206,1.1975057655030952,1.047645836581982,1.1388482633536376,1.0003872383799863,QSO,1.8513424416237996,0.0,0.4564369690319351,1.393445969253728,-0.4117383449264313,-0.583356946375573,-0.2917843380985663,-0.2050766080331311,1929802119263886.5,0.6809612577784487,1,-1
0.1762813289919846,-1.187465913396595,-1.0054802322681666,-0.4698524916497884,0.2514327362175571,-0.5962711537760558,-0.9675156737531466,-1.195023738428399,QSO,-1.497213305192984,0.0,-1.1874665554081716,-1.005479711110558,0.3461344153582905,0.2807027527008333,0.7449948336287207,1.0817245476297674,131958264998787.8,0.7517638996675416,0,-1
-1.8163456840566587,0.6861891812374192,-1.0103899314167972,-0.6983215642539369,-1.128696834969102,-1.2593713302417746,-1.6491443186575527,-1.7422911876456275,QSO,-1.4500411543903735,0.0,0.686188627223554,-1.010392778035858,3.05612170063085,2.075853327845362,-0.2605210401286176,-0.1767475853177653,29495622352103.69,0.9916754684492414,0,-1
0.0675712012762345,0.7960619641574977,0.1987668390308552,0.2322978145924202,0.2621008466303109,0.3227089917519011,0.429175091418176,0.5186937673906782,QSO,1.4572044125727872,0.0,0.7960633591252437,0.1987368053075849,-0.3857773573532884,-0.206472218556478,-0.2910666984017576,-0.1601560571758044,1304466425120077.2,0.763602325145159,2,0
-0.3233890752960011,0.3974793186422166,0.9698904423985952,-0.6563527164864175,-0.5024910766402396,-0.3104743466395915,-0.4290057654882544,-0.3941272612024286,QSO,0.6561260188751271,0.0,0.3974796420201691,0.9698862711338996,0.1685687809748643,0.891335224604836,0.1296224311221893,1.1416206721038786,171164743263897.3,0.8445479357268443,2,-1
0.779093501832289,0.5348520501928686,-0.8852092055937993,1.41647867334894,-1.3825485711933876,-1.5557684477811802,-1.501644770279201,-1.3709687697861368,QSO,2.4032952550849367,0.0,0.5348529390093978,-0.8852188328984193,-0.3965134842304766,-0.5379045897403832,-0.2668593093138322,-0.1356967873845643,1340103619699211.5,0.6879930821233412,2,-1
0.0660591804170883,0.5905372293753347,0.3403978294367004,-0.0987337873133236,-1.4587657065597548,-1.4585181453528004,-1.3084033152302696,-1.1621095623242488,QSO,2.08894767782956,0.0,0.5905385257144217,0.3403980303719376,-0.3000844319823905,-0.8571471962867743,-0.1261537057905673,-0.6324072817999175,595539094818553.0,0.7186167902237786,2,-1
0.331034189976496,0.7854756055829251,-0.1016591170813598,0.6722113504150579,0.504897181304745,0.5633698784064639,0.7827285944498453,0.7589045679343809,QSO,1.6554763084241957,0.0,0.7854774765387357,-0.1016435811547121,-0.3342240322318197,-0.0970317873099929,-0.3665176566353169,-0.4495129716627447,829805540201896.5,0.9429490044084164,1,-1
-0.298008008577903,0.9046318672472392,0.5306770848465908,0.2085833782810627,-0.2374783140105285,-0.546662798620264,-0.8333876825441774,-0.93324565826249,QSO,0.3000690894726935,0.0,0.9046317298482291,0.5306767270059781,0.1188686370413198,-0.2416977557164835,0.140783549470548,0.1771397854330982,183143427938670.2,0.8293986887296397,2,-1
-0.8746008512917655,-1.1963061837360036,-0.9847751666551162,2.045515023965792,1.868197192170293,1.454774583153683,0.5447533693229482,0.2320415458576242,QSO,-1.1027443654500682,0.0,-1.1963049399610417,-0.98477465516104,0.0259794785259071,0.3477213753672366,-0.3404734073907931,-0.3708636119625703,241348615620583.2,0.9735142810518372,1,-1
0.1685459567644741,-1.2459958911404236,-0.9997021785414648,-0.0108547983957059,0.051168010053375,0.2848716456457962,0.1843628672176971,0.0651540451584112,QSO,-1.3969112588217198,0.0,-1.2459957757045643,-0.9997041562371956,0.0510207630282743,-0.2133564489171355,0.211817200144803,0.376806763034555,216397362429500.0,0.7873197475373769,2,-1
-0.1190261759148796,-1.3401308419237716,-0.9944624056575968,-1.8479197961121745,-1.890040793930817,-1.9227733274523555,-1.7340294197561172,-1.59156551948555,QSO,-0.5530327382974386,0.0,-1.3401310807266829,-0.994455220122362,0.1956714453221224,2.971381104072207,0.6322876404437289,2.863702245725308,149738170276085.25,0.7291852562452167,0,-1
0.1684854343278484,-1.267257222927415,-1.0164215607050011,0.3647904665737601,0.6867743805281306,0.8028234820815685,0.7751309104927411,1.386190803551102,QSO,0.2122432010963819,0.0,-1.267255171832202,-1.0164231202196474,-0.1932714379785325,-0.1601208235592515,-0.142369411361407,0.1536647962862884,416606111050643.6,0.825928613092649,1,-1
1.5801694909384891,-1.3948313454275558,-1.090769647237945,-0.1762409515399399,0.3977759736123186,0.363189555896356,0.428469395803343,0.5932889371370705,QSO,-0.1435919491745755,0.0,-1.3948308515739605,-1.0907649269648867,-0.0638137197023154,-0.7780021794177007,0.1855980965204466,-0.3459192056249839,278298661206786.0,0.7452887054561895,2,-1
1.5811953702122292,-1.0387557329231545,-1.0639688451480749,-0.253896284690713,-0.2946741733026735,-0.079023565744965,0.1019981076006805,-0.0373223297946157,QSO,-0.9177720502348058,0.0,-1.0387561433528305,-1.0639663859086483,0.642566190706753,-0.1396291086617172,0.7254777498806848,-0.0916920636003781,99675056161455.62,0.8144144120411058,2,-1
-0.3887708771679762,0.7663274376179622,1.4649906476151886,-1.424727123380672,-1.4193324271462748,-1.3120710615116256,-1.4082088378996014,-1.189718223980477,QSO,-0.0026959374101664,0.0,0.7663309920726884,1.4649819585554984,-0.3653138185994073,-0.4375320981107694,-0.3580881789531134,-0.5005813786129771,964936519014971.6,0.9125053800276718,0,-1
-1.1466403671036571,-0.2086059602379951,0.7265901004433738,-0.0451336789994671,0.0646263770674853,-0.0126412940412875,0.0446809598712044,0.2020526705278413,QSO,-0.5673496630836424,0.0,-0.2086082361326335,0.7265948024810093,0.0566253454092072,0.8682448469618024,-0.2236970795699109,-0.3791007194106489,210731435908911.28,0.9326207759516264,2,0
-0.1190255710305141,-1.2130368737701838,-0.9947409295388095,0.0710900251094181,0.7319730166415734,0.6461602233309138,0.925343262793049,0.667002882737148,QSO,-0.2555795920757865,0.0,-1.213036649696711,-0.9947311748433786,-0.3005772621887648,0.5048344617558724,0.0186788860499353,1.409263463427044,670629195651690.1,0.601416902111186,1,1
-1.0956394412077854,0.2453200453157401,1.6171484080937737,-0.2301299892559025,0.0243392967381308,0.3078466065881551,0.1891286038373517,0.2426889138935242,QSO,0.6511954901351158,0.0,0.2453145550712751,1.6171480707481736,-0.3868520064270974,-0.8673399249871372,-0.2111312253383468,-0.5386886312915701,1319727810147394.5,0.6268662687951719,2,0
1.629839432221226,-1.079029122402689,-1.2213437212505964,-0.204111526173904,-0.2457170527451316,-0.2101601063466877,-0.2953360181850203,-0.2516778321897098,QSO,-1.2027796007076723,0.0,-1.0790284244192276,-1.2213424410910951,-0.2896625669655068,-0.7244428052661012,-0.1049777803193963,-0.4032922615314726,602593882166504.0,0.7151801896244894,2,-1
0.5263886141563328,2.149230952955827,-0.6488351412134142,0.9470572962804004,0.896853416189192,1.043987403310905,1.1282719940092472,0.6589355936451,QSO,1.266583896757304,0.0,2.149232230077136,-0.6488284798702615,-0.3267486775564463,-0.4560444006182817,-0.3835004546754943,-0.5948158488762393,807110365235598.9,0.9682130648989408,1,-1
-0.3342038039908401,0.859231884924069,0.7211558068283964,-0.1341461601868864,0.5854537378208562,0.2751036288120225,0.5781868446854584,0.6021011786002286,QSO,-0.1733644452634643,0.0,0.8592343198160322,0.7211491161798795,0.2718589185584713,-0.1498530373383098,0.0983749765156754,0.0113188882311506,152148115183459.4,0.8720277972161254,2,-1
0.2713918328736925,0.5099709836613817,0.320950639845673,-0.6402689797691575,-0.568673850727285,-0.593536474905926,-0.4141403331861732,-0.2921959733502143,QSO,-0.5428146705082104,0.0,0.5099716091633132,0.3209463377996847,-0.3856888992176626,-0.7651737444527411,-0.3394531097975227,-0.6907914661583339,1240000787914201.8,0.8553206029877243,2,-1
1.717093651746528,-1.2432069667283396,-0.8319058485058561,0.2515375493942268,0.7225371962104911,0.6662175837395894,0.6747480005021774,0.54926406896133,QSO,-0.7301294601841002,0.0,-1.243206281281605,-0.8319030284852008,-0.2952710026364384,-0.5427912782741361,-0.0998092178803687,-0.1212306550839566,651269362773505.2,0.7032367265327231,1,1
-0.3835735156600331,0.8046507829731295,0.9112798980979526,-0.303747719223393,-0.4027195984813528,-0.1422961691682253,0.0277259353589673,0.35688466151405,QSO,1.0254829346072398,0.0,0.8046485263904335,0.911276852808426,-0.3855504413866895,-0.6246188426692734,-0.2550160140741374,-0.4049247249569112,1269081634118330.0,0.7016991002459746,2,0
-0.1190862556878314,-1.266670468501973,-1.0084482333936216,0.8059708466979436,0.3385996482782049,-0.5947711961349161,-0.9771479606517204,-1.4137490224150209,QSO,-1.5119476886248384,0.0,-1.2666705420757405,-1.0084460520759362,0.8802543924884332,1.2857536370138878,-0.4069214320907101,-0.4203499993492769,79876442873434.66,1.0,2,-1
1.6222248024103774,-1.0988836871734071,-1.1775626508590111,0.5956598757492559,0.9976195284047136,0.8778396563049836,1.114506347080933,1.3228335128664916,QSO,-0.3022992593577147,0.0,-1.0988847284706067,-1.1775663077711935,-0.0256189040276494,-0.2176420165322937,-0.0292041925442874,-0.1493438947999335,261444115633214.47,0.8431660610442258,1,1
-0.74703837182217,0.4299356416489982,1.2729561713105275,-1.6013000302987728,-1.612432267274167,-1.3355764952782898,-1.0326596273925994,-0.9807227447433844,QSO,-0.9560485589352036,0.0,0.4299358064609953,1.272951600293485,-0.1712437054791772,-0.7597770571017182,0.1264475688996522,-0.3900254841592689,343590556737176.44,0.6975537884425375,0,-1
-0.6206875654911408,0.999023923347424,1.2218475567225078,1.5598024736861724,-0.4027548067665421,-1.1549230603525522,-1.4484059933107754,-1.5745133780150864,QSO,-1.8089868922114607,0.0,0.9990239794050436,1.2218452269784643,0.8900449508530419,1.4403120833898646,-0.1072032416905057,0.552132534495133,76833722377033.36,0.956648002423269,0,-1
-1.0932227555451297,1.2005728533970943,0.5296154342158909,-0.1725219115435936,0.3587651936211254,0.0859717747805652,0.1867457355275228,0.3804778481942824,QSO,-0.1150865692210107,0.0,1.2005748855936995,0.5295855835520659,-0.2271165407669629,0.8664213312101215,-0.2531444648040126,-0.079706518631617,456460536441704.06,0.8813850444960523,2,0
-0.1189044523367632,-1.156397647476287,-0.9520176017653056,2.2485805345231946,2.4507446768627994,1.1622645509647944,0.8472859958899552,0.8719738022132284,QSO,-1.4973097250227048,0.0,-1.15639566482995,-0.952024323281332,-0.1221100137903909,1.9276382847106477,-0.4069214320907101,-0.7186424603260775,338238971266196.2,1.0,1,-1
-0.3366824504373158,0.4207320262220156,1.0173546189155578,0.4680790236037245,0.5643727770629801,0.9267254708897392,0.8159604424938296,0.6684019396292359,QSO,0.2071449856959861,0.0,0.420732867482565,1.0173432998791752,-0.4552425055776618,-0.8761587397110832,-0.3937986957594344,-0.8489618846749348,6654631459086095.0,0.8603671436284562,1,-1
-0.811876858448883,-0.0165186051571043,0.8691146819328452,0.3310968532204212,0.2746702044433576,0.385725504846186,0.5466779937270387,0.6208430900832163,QSO,1.60433863856585,0.0,-0.0165162591257081,0.8691113704964031,-0.3170778690206424,-0.6033065539429072,-0.2933488702377567,-0.4408230367534292,731621283795117.8,0.8631459641005684,1,0
-0.11902698727766,2.219608964037851,-0.9903120408028424,-0.0358657127934369,0.2442590481099701,0.1426957826486002,0.1985775931736315,0.4401012922383164,QSO,-0.1891553898869181,0.0,2.219608179345937,-0.990319465840472,-0.2296493436515679,-0.3300759936119123,-0.163169622785409,-0.1185138570731036,462615230999492.8,0.816570190403081,2,0
1.622043589219914,-1.083799760137189,-1.2369127390727364,1.2462325794923532,2.161112520813558,1.3077147117396029,1.5160746465556354,1.484279227342578,QSO,-0.3467794983364451,0.0,-1.0837956204863248,-1.2369119350508018,-0.4345156889231168,-0.7523482415834962,-0.3807771716145038,-0.6341429050074248,3116965155541300.0,0.8714340706649882,1,-1
-1.0954597769223833,-0.1869100384347876,0.768936281240496,1.118155361450893,1.0409257191891608,0.8056770600330103,0.6470242442051416,0.3171478118647117,QSO,-0.7978660809528318,0.0,-0.1869075281456703,0.7689325648446802,-0.2742245374269347,-0.265119666660869,-0.2163554127640111,0.0157839621041312,586480688799679.9,0.823721012624757,1,-1
0.9977776472836414,-0.1953477182777527,0.958925430712789,0.3601009201241869,0.5746623984099367,0.8414656835073122,0.8490364876098663,0.7739308023468218,QSO,0.1706244538384038,0.0,-0.1953511477620183,0.9589059009979094,-0.3574472805294407,-0.2201041509900166,-0.3601914864909469,-0.4608984014313119,1011256766844922.0,0.9216093875386608,1,-1
1.5506798101397763,1.9941807978412365,-0.8926588025820985,-1.1657056186153163,-1.0568543290376649,-1.006619321626305,-1.0066771979373568,-0.7757790796223468,QSO,-0.0898767730687093,0.0,1.99417772785347,-0.8926526009403338,-0.1875245444766277,0.9480470765664316,-0.1782674012322496,0.3296914456034595,370121052725864.0,0.8505882483170971,0,2
-0.8746009103020632,-1.2080386671719974,-0.979560223878568,-0.1870869167882448,0.10179752415747,0.1360099958457084,0.2139012693814478,-0.0598889357683152,QSO,-0.8672783512448076,0.0,-1.2080369957068842,-0.9795491843930052,-0.3427850280957091,0.3439136154621732,-0.2152145982155748,0.26055809116285,864684254687882.4,0.7414154622973804,2,0
-1.3441131208807462,-1.1095699096266431,-1.4276755592838484,-0.6658947952021412,-0.7527603698463788,-0.7821561482794325,-1.0493946948300816,-1.3155879203434355,QSO,-1.4722128469038076,0.0,-1.109567516787956,-1.4276832424336456,0.2456572911634076,0.7112535044910022,0.5629227162732945,4.190481537695774,148857226559555.62,0.7605753202167255,0,-1
-1.5009825041857003,0.6376375652104966,-0.9391985466737982,-1.308881250028389,-1.1183544011943585,-1.1147168787034274,-0.982271127517852,-0.6717128672919446,QSO,-0.34882554605549,0.0,0.6376345941580495,-0.9391918143703646,-0.2192621023998912,-0.3674467511097385,-0.1073690196245222,-0.1725274768436272,413881240153802.8,0.787295867367909,0,2
-1.0544902107289258,1.1719132651387434,0.5984576515665184,-0.4802243163407899,-0.381673846008666,-0.2829720745242784,-0.406386846301118,-0.271991411480043,QSO,0.1699915719266306,0.0,1.1719116005010382,0.5984627782879747,-0.0819949938812266,-0.0908448175696674,-0.2123620191053576,-0.3163562259932905,281313166909298.1,0.9044887153920506,2,0
-0.1190271199932027,2.191372239918429,-0.9945724877756212,1.0138666641828686,1.2320450932750815,1.5144985063040002,1.5835006548456527,1.387880573563626,QSO,0.9225206205076844,0.0,2.1913697171297364,-0.9945736509516064,0.4461830239214175,2.492328863886508,-0.2421665844228434,0.251777607436944,131389622177006.28,0.9645180372779704,1,-1
-1.477355466876465,1.1363129585718044,1.1495927357703195,1.0000202782203815,1.2684944705186578,1.2539265965716058,1.3312098901035565,2.0335271596927638,QSO,-1.2565592820853155,0.0,1.1363144528259972,1.149581246425313,-0.2774270867891654,-0.5948411806439264,-0.2250909260276651,-0.4039931393880657,609869672060178.8,0.8285889953396006,1,-1
1.581557575448608,-1.1439845127354815,0.4694377525451257,0.0677932665469195,0.2153002335406934,0.2916946236963516,0.3693925914758383,-0.0502681484389481,QSO,-0.9018342445523382,0.0,-1.1439853099688515,0.4694467654308055,-0.3607201477804186,-0.155513468763708,-0.3507941750353895,-0.5587245997301904,1011320719308022.2,0.9039858649204714,2,0
0.2754372838644844,0.1759955272851284,0.3416996238871477,-0.0151813309810946,0.4072558043998906,0.834843919286665,0.9435172160945438,1.1179352716705202,QSO,0.7016529471694826,0.0,0.1759938199361062,0.3417296669886831,-0.2975230551840259,2.2992783605360847,-0.2968105758624231,0.039211675763826,665411763278145.5,0.8809864125429885,1,-1
-0.3229053826091378,0.5383551132233587,-0.6195147005758649,0.5974897619625962,0.5743895341997073,0.8222680549173393,1.0801013946382634,1.1242037733298793,QSO,1.1579756809875492,0.0,0.5383560268612634,-0.6195198410580651,-0.3560858312671667,0.0552350817251747,-0.1894121450256881,0.4750769923856922,998478867747951.2,0.6839734944580576,1,-1
-1.5297424267610495,0.730278402544537,1.8282113718344748,-1.6882011043169534,-1.7691619488001589,-1.767353936013865,-1.5942008743597913,-1.8692328886401883,QSO,-1.57041448262258,0.0,0.7302755608853053,1.828215796991604,-0.2179907400794018,0.6236358770021877,0.6924039203755892,1.846743317143256,396434250187536.5,0.3941446908247489,0,-1
-0.3365600926137531,0.8437251893476339,0.7850840413645002,-1.8099070586196544,-1.7747952744306557,-1.8629670895534385,-1.7264042411646698,-1.4908334232551297,QSO,-0.3066793972043676,0.0,0.8437266126576071,0.7850867327565365,0.5674665738352963,0.2988103847026223,1.3366964197334512,1.535158669262156,96569490896382.58,0.7110666565570036,0,-1
-1.3440522370348602,-1.0135389324977682,-1.3723222953060208,-0.1500965448724073,-0.3821139495735476,-0.2836031542635379,-0.1759634807407532,-0.4836578175111232,QSO,0.9357002510891844,0.0,-1.0135348775009638,-1.372339642728167,-0.3051538910415992,-0.1736795774912959,-0.2099533428623406,0.057473437693947,655626695047174.2,0.7883780202490386,2,0
0.7796966165804021,0.9002777884850988,1.645056075446567,-1.4859134806113754,-1.6190866331751903,-1.4293970165150358,-1.2195864814204882,-1.1224090518149634,QSO,-1.0710632165187075,0.0,0.9002806932555312,1.6450594106094476,0.537754171107949,0.7251293377314397,0.7668022302996517,1.1316196136762515,101985830919115.2,0.790491395149792,0,-1
-0.7474628992804421,-0.043606471114589,0.7438706770696073,-1.4406997334048155,-1.4305198597655893,-1.1945438926783074,-1.1809840148012742,-1.0502304348821816,QSO,0.2513818085548037,0.0,-0.0436066293868267,0.7438823175362965,-0.2767139489154657,-0.2189194191328687,-0.1598060721091363,-0.0661539621904777,532665194076704.3,0.7747287846842977,0,-1
-0.1190861967351609,-1.2544175580234045,-1.0077976854900408,0.5202715271380886,0.5986744489099294,-0.1384913985663072,-0.4300597264714467,-0.6309585217210867,QSO,-1.4918735669091636,0.0,-1.2544179390830794,-1.0078059547793117,0.1154237957823499,-0.073936536606476,0.1959919434110323,0.5223261319628539,188383832770683.88,0.8128148500721727,2,-1
1.7141328395622706,-1.3419954143160062,0.1652390858149183,-0.6145468545354726,-0.1455142730926605,-0.2483175653640094,-0.034457762649428,-0.0127661559029463,QSO,-0.2802714528173845,0.0,-1.3419924464480968,0.1652330924847579,-0.1427856137987012,0.2431516093708814,0.1182557647642533,1.290526283286498,333754389424572.25,0.7236856549258324,2,-1
-0.735982054881918,0.2258980849745913,1.6117979229669048,-0.91771529025346,-0.8059952970545804,-0.537845974436973,-0.678537901917816,-0.698594746147086,QSO,0.7466862816651263,0.0,0.2258993116726493,1.6117968377720449,0.0284595453208177,0.1130341217400075,0.1071066559625216,0.2384848577292266,216277735706382.7,0.8127349443250028,2,3
-0.8165904019018937,-0.9927622591140204,-0.9857168580599124,-0.3942492980985908,-0.0075506075732624,0.0412108437089509,0.2128656381544843,0.4493768577371681,QSO,-0.1933570225789683,0.0,-0.9927625386651184,-0.985716611241766,-0.2514853237824298,-0.8079587405787547,-0.2357737757292449,-0.7434490423599583,505493354735177.1,0.8554725105481572,2,0
-0.0828918248880298,0.1680494805301701,-0.4202835528254688,1.087595520843478,0.7534852788930368,-0.2404427877480205,-0.7852170831731937,-0.9870094159727728,QSO,-1.4336539755043112,0.0,0.1680527777068632,-0.4202725875110906,-0.0199258262812358,1.0920304861282857,-0.4069214320907101,-0.7081192870830821,243326434628386.53,1.0,2,-1
-0.6439525376558274,0.7533607259832363,1.379641672128428,-0.6335272937200062,-1.3104948155508056,-1.1368869843261475,-0.943045449186838,-0.8860956240420815,QSO,1.883979134056995,0.0,0.7533613694500342,1.3796471476686183,-0.3278931139935679,-0.5780948256989963,-0.2104473971343495,-0.4288044322950013,723109925979665.6,0.7597113544588752,2,-1
-0.6208087652376103,0.9015188118434696,1.395175911283412,0.9306698132686192,0.9188585944333242,1.017015604019897,0.957796096197282,1.6003010167508325,QSO,-1.1465520997819505,0.0,0.9015212059071156,1.3951887262435476,0.4597536039301133,1.1710232921272223,-0.0233725183691941,0.8440299019219419,126273373945359.4,0.9204269435250728,1,-1
-0.0195640682413862,-0.0125017495312965,0.3454541007596036,0.3572634852265766,0.5979614811348216,0.1953497835025645,0.1390792044528493,0.1432468571350264,QSO,-0.5298716944877365,0.0,-0.0125048229807371,0.3454616211363212,-0.3128957090971104,-0.4104925592144127,-0.209929878055854,-0.2740123142511551,705343978149389.9,0.7792429494554982,2,-1
-0.8374382606080794,-0.2256216739433495,0.3352439738091506,0.2659692026071363,0.3699526262404398,0.0683198342476252,-0.0045436004829748,0.1624066687286384,QSO,-0.2247928621539277,0.0,-0.2256216486825143,0.3352444504943956,0.1391091317335284,-0.0798943899098433,-0.1377112546540266,-0.1331689245656028,183122769126463.2,0.9151195476424604,2,-1
-1.259275129630665,-1.4038275899792434,-0.2593932448670463,2.612638989623569,0.6614596234760846,0.6269260104082316,0.7410833882965447,0.7349116507135538,QSO,2.2268442620719324,0.0,-1.4038298277700272,-0.2593917529080491,-0.4334272950521923,-0.8555889939001328,-0.3434219647190779,-0.7238233367685146,2927210789479858.0,0.720797971485525,1,-1
-0.3852653778066611,0.7927024532168861,1.4663972555052494,-0.919256247064694,-1.133775630107846,-1.2588591495838235,-1.2207962453316312,-1.2970912980558147,QSO,-0.8278684700438604,0.0,0.7927034767227414,1.4663876135466702,-0.2418260565016949,-0.4454889386403373,-0.1297119265986072,-0.2579342712721525,450555540980755.8,0.7842987714818516,0,-1
-0.0568469735170756,0.4519199001609457,0.6547217745965714,-0.6185103732566769,-0.4445030309313078,-0.2349185535086936,-0.0984744362807703,-0.1312226676948349,QSO,0.8624252374365484,0.0,0.4519178461441753,0.654727175723399,-0.2086215678293048,0.1824662308535466,-0.2545573995123192,-0.1119619915043327,417215879260427.1,0.8901894793596424,2,0
1.6430716579415012,-1.0705889456446682,-1.261276887824026,1.1480113996685644,0.6917739570251984,0.8486819431345095,0.8792164312416493,0.4765403649277291,QSO,1.0941871344526248,0.0,-1.070589046921372,-1.261276023850029,-0.2348611138317486,-0.628768377562128,-0.1626984559378374,-0.2867617293701871,490565162909502.1,0.8126013438067942,1,-1
-0.4244204954226513,0.3529606871016902,-0.2853634907669522,-1.421734111112697,-1.3491007002623094,-1.290458866962743,-1.1434446740433706,-1.0155083865603292,QSO,-0.3427685416049932,0.0,0.3529591659639635,-0.2853618338996652,-0.3109139639121957,-0.2170471727763555,-0.3877771971314233,-0.6656761760273752,641598105457462.5,0.9764597883639256,0,-1
-1.2633848059254529,0.218292190068386,1.7126440884422294,-0.0373918527122559,0.2291722979057933,0.5356389542117075,0.4898832440501016,0.2696888949538407,QSO,-0.0138809081201589,0.0,0.2182965848315689,1.7126337068288453,-0.3618931581312997,-0.2660509167786424,-0.3282816447628393,-0.2409016720070204,1035217496891454.0,0.8667139800560285,2,0
0.1687270814971183,-1.2784119191315877,-0.9477194928986582,-0.3942492980985908,-0.1931774891694465,0.0159676541385263,0.2039207171145146,0.1240779607564012,QSO,0.861218975331203,0.0,-1.2784109367751388,-0.9477113523130128,-0.3882618079636324,-0.8373355933793544,-0.3333078825266961,-0.7232027938887032,1320995060981478.0,0.8387908369824031,2,0
-0.1190851419260887,-1.032883508307216,-1.0097153063505315,0.1955889636324812,0.3732446009057621,0.4679487926136211,0.3635087397261875,0.363480215433898,QSO,0.8730084294056457,0.0,-1.0328838768004178,-1.0097144230011592,-0.383715400445644,-0.8207140176907813,-0.2655020111398034,-0.5150246652637268,1284080091309936.0,0.7243820049364593,2,-1
0.8045929579026128,0.6748190824368464,-1.0302718273149594,-2.5136427723503423,-2.7495190457900547,-2.540572953938974,-2.3914719513157703,-2.665532464649294,QSO,-1.4945681833565982,0.0,0.6748187893415377,-1.0302691750813162,2.2247954182475485,0.1255934853017584,4.062013412921632,1.3168282965358111,35732214495869.305,0.7139374498008022,0,-1
1.6221644349045967,-1.0860141067550926,-1.1964843749083152,1.2879865823198424,1.3589973676011178,1.133326343790583,0.8716279121626594,0.6301368251520945,QSO,0.0837681730064112,0.0,-1.086016540044919,-1.1964846887387903,-0.4309144334087045,-0.7643117496098017,-0.2974022423436992,-0.6252608456868489,2824365026979649.0,0.583438669244536,1,-1
-0.4735484565681125,0.1161107421449181,0.8733527051653811,3.6000811508842,1.5603359464636133,0.3536867754747382,-0.0825092186049216,-0.387876929113096,QSO,-1.5270507122471828,0.0,0.1161114772051753,0.8733286562582996,-0.3756917337723911,-0.7397952790757698,-0.4066700316014374,-0.9271310193308138,1170980474281754.8,0.9994787842302744,1,-1
-0.1806010685484138,-0.9292419175561772,-1.0459663043334186,-1.328580308495084,-1.3749875919487031,-1.274782480396184,-1.3532012394550328,-1.1490456414747412,QSO,0.1136204554901604,0.0,-0.9292454456577036,-1.0459673173524318,-0.442573693157066,-0.7836206942635183,-0.3484531044565338,-0.6593676291363348,3434070234708557.0,0.6743168123689997,0,-1
-0.0842204343366805,-0.009728178510806,0.3886792522047581,0.8716985814540634,1.5101905462808864,1.3472257910672236,1.3798845577708505,1.148614590661334,QSO,0.6302644084461706,0.0,-0.009734753213766,0.3886744137701644,-0.4360037266731972,-0.8236890624129275,-0.4069214320907101,-0.8593330697282041,3249258363329951.0,1.0,1,-1
-0.0567274997930016,0.1041371249313974,0.4466650818774417,1.0502939941869092,1.5508209073908488,1.4559544278836054,1.5744182606339607,1.711344343971651,QSO,-0.150183116777103,0.0,0.1041371371025583,0.4466684257181406,-0.3576664992235056,-0.6562106459994393,-0.2597041484575214,-0.5521057813992444,1045226340688874.6,0.7718524826841268,1,-1
-0.3889521641501255,0.755520470821529,1.4200698928329136,0.1154443925558671,0.0122188445612662,0.1223274554118851,-0.1448853790537254,-0.1895833266219858,QSO,-1.229784320281975,0.0,0.7555239908243416,1.4200670987792892,1.307309720409431,1.528470868375056,0.924323878153414,1.247679183599497,63134214516461.56,0.8598709475758513,2,-1
-0.3888921212009826,0.6259622892618653,1.5485016317397606,-2.013957892522701,-2.0425190750200413,-1.906401838564289,-1.868844776823694,-1.8288873583949412,QSO,0.6868586563258942,0.0,0.6259609573182735,1.5485049470630414,-0.1806200444763735,-0.5855465611203385,0.0821936367244145,-0.0759108890021037,342880888577216.25,0.7114122834575712,0,-1
-0.3835131333728644,0.7961008547853815,0.9462383031307832,1.074764092011466,1.194777123400823,1.4603994243079637,1.1480314712245874,1.2471027449934045,QSO,0.3526997115331708,0.0,0.7961000146397678,0.9462418810805536,-0.2472059194774775,-0.5087973452055876,-0.2113493602766005,-0.2645664301285632,533687336986433.4,0.839383976537082,1,-1
-0.811633868824153,0.3426178826695968,1.4065603366853128,-0.5983149488940559,-1.0373225328281732,-0.8651842913665031,-0.7244997656631538,-0.7168733335943832,QSO,1.4542130989214144,0.0,0.3426138291399362,1.4065336912044044,-0.1969756037929322,-0.6174635379949545,0.0132185609137177,-0.0588460223410041,385880157783855.1,0.733954165650192,2,-1
1.6221645086386554,-1.070887209644256,-1.1902650265211865,0.8099047316343176,0.8929364944617382,1.133719625367225,1.5136826133676922,0.9560534875137832,QSO,0.8064260067388338,0.0,-1.0708827644972887,-1.1902441480718309,-0.3903902480849525,-0.7281467442045977,-0.3376562795384075,-0.6413932721516905,1436509012402956.5,0.8439610926652706,1,-1
1.6319533433936206,-1.0746172522268709,-1.2572574905782363,1.9635257497834224,1.813826797764693,1.4245376321682397,1.0834465751501343,1.6086771885333395,QSO,-0.0169979867668199,0.0,-1.0746185388579046,-1.2572742974305768,-0.3106486081202461,-0.6979951573814068,-0.2992945196293965,-0.5390925990782931,741093507189371.2,0.8746797385446029,1,-1
-0.7954407791991686,-0.0180303800915428,0.8711405199996626,2.2315707420299504,1.243452577676838,1.1984830403484477,1.7904161080417509,1.3571285762927032,QSO,2.005819720567565,0.0,-0.0180370067463231,0.8711529398226869,-0.2835552698516808,-0.3863588097653682,-0.2351750189964024,-0.2209034739311215,627853276664158.0,0.8324967786741808,1,-1
-0.8119355515950923,0.4976169636993985,1.3376214293811142,0.2654654282650026,0.7940452234326176,0.7081066446934104,0.7535567874106827,0.9891675288882308,QSO,-0.516478398645424,0.0,0.4976301860067486,1.3376171333383915,-0.1548442149336462,0.7100932205305162,-0.1208106584962187,0.9358979297243636,364476249038678.4,0.8337796703439652,1,1
1.6298394248449386,-1.0795024075354342,-1.227996695901108,-0.4792908521186008,-0.8226664200923339,-0.5436720294211589,-0.3900183739882238,-0.5734245782301712,QSO,1.25551928179549,0.0,-1.0795013721639313,-1.228001769757781,-0.1853356709930794,-0.4853071701173138,-0.1273337823183611,-0.3395555665326892,376975589456133.44,0.821542613815648,2,-1
