objid,ra,dec,u,g,r,i,z,class,redshift,zwarning,RA,DEC,EP_8_FLUX,EP_8_FLUX_ERR,EP_1_FLUX,EP_1_FLUX_ERR,optical_xray_ratio,xray_hardness_ratio
1.622164427499496,-1.087698931199147,-1.1967720133510575,-0.1235446736634422,0.26001475573276817,0.40579201133803905,0.556044499160286,0.46869111067600816,QSO,-0.24371305623003806,0.0,-1.087698783393478,-1.1967718656100677,-0.35804064995940826,-0.8655320918178168,-0.1750227450675842,-0.6025103721401899,993688857252781.1,0.6618351012528205
-1.5809866004805178,-0.039180694879956915,-1.0264375715566008,-0.6041750298444711,-0.8590893911220184,-0.910429964846536,-0.8851784087704764,-0.8551801006409144,QSO,-0.9676527462961569,0.0,-0.03917841722291211,-1.026437277441435,0.2274496582471129,3.371411134707579,0.2279641741564852,4.6438212751105015,151627128451444.06,0.8326115799800288
0.1685459346356125,-1.2503512664237166,-0.9986399290332674,0.7820860161238066,1.4947781194386995,1.2548777892220853,1.3909740602896654,0.7718958105037825,QSO,-0.6134648470011207,0.0,-1.2503484225448949,-0.9986167989212315,-0.31163041524299595,-0.5548835300805817,-0.3924105249672255,-0.6984741705505058,739285156316720.4,0.9820272651460378
1.7059157514928713,2.1957475723064,-1.086326038589669,0.4124193672440824,0.8179868573622318,0.9976990763486155,0.9089472958458117,0.634579285023728,QSO,-0.920166588698859,0.0,2.195742348305814,-1.086324894693902,-0.21529092406499178,0.26217578971474853,-0.24370221281664212,-0.2257409985994153,456766953976860.6,0.8799723567604267
1.5683854221538107,2.151459138506119,-0.8226861547714226,0.13990708193421636,-0.393697475401257,-0.7255327473263515,-0.7882506578291661,-1.0461059424860206,QSO,1.5747121921489093,0.0,2.151459484675841,-0.8226869467526416,0.08120620829403095,1.6128610431275412,-0.4069214320907101,-0.4208201278044757,193653290835004.2,1.0
0.3255930421759897,0.3542947200265974,-0.009413251354622393,-0.9114625616540273,-0.8229216801599656,-0.5336845065911223,-0.5809319499960158,-0.694724627731308,QSO,0.9057303174808112,0.0,0.3542911257314494,-0.009407038332463228,-0.04405784603344018,0.15515850844212029,-0.007538000427351498,0.16367377565091007,252912313058451.75,0.8284225393138903
0.16419788624307982,-0.8471230340929932,-1.003952535952086,-0.12367802569518387,0.04769999396210012,0.10719983383598637,-0.04749021932856569,-0.11605107672217918,QSO,0.4711365293002932,0.0,-0.8471221708785539,-1.003935971369664,-0.3647424240913898,-0.3449218962654982,-0.3906415548354477,-0.6075675985872276,1038694597427574.9,0.9701115351450643
1.6221037944761891,-1.1306848859554939,-1.220869902267461,1.0703264327329582,0.5233727289585177,0.12503469603248296,0.09314483534185795,0.03053192947171065,QSO,-0.5786874450244694,0.0,-1.1306817550438404,-1.2208774208571456,-0.34968019270980677,-0.10540791752673388,-0.3816345262196202,-0.5391122763533533,912551906060613.9,0.9594722904959788
0.004364061649370194,-0.010411158847364176,0.33372425913671955,-0.3280029721079221,-0.8375683267992576,-1.0100033724020523,-1.436949895667372,-1.3921363188677451,QSO,-1.2968929274613314,0.0,-0.010411227454600673,0.333724411366351,1.4146710915634149,-0.10930834817522447,-0.28284869266895807,-0.6401049525940948,55939506840844.87,0.986841868575846
1.7059149548538517,2.028849164774639,-1.0671057583506933,-0.7767399673641194,-0.545850079852471,-0.48805469761762466,-0.8007973759682222,-0.8973516726738899,QSO,0.5827860942571809,0.0,2.028843423856967,-1.0670896240039098,-0.41798564025648355,-0.8159847950860337,-0.40023954769163383,-0.8410681290009998,1981393458164333.8,0.9757600763131609
1.6298395207366725,-1.059551976417267,-1.2246609134608544,0.99124126946407,1.309987434615792,1.2727766740008266,1.0116122604869364,0.9995605229437508,QSO,-1.1340079205046003,0.0,-1.0595536107201466,-1.22464541613746,-0.42646487935865823,-0.5947690345705008,-0.30615030789310665,-0.4182804669583065,2571534726134988.0,0.6408989062824477
-0.28525915095903975,1.053528908279878,0.24340374605075668,-1.2456723869829405,-1.3910689762095145,-1.3711821970890383,-1.2314549985790544,-1.1500540526112477,QSO,-0.7546457908570054,0.0,1.0535293191022364,0.24340400165962453,3.2684215239714263,1.2520005074680327,2.444005256891735,2.758194697931375,27642358810406.23,0.8574000136221035
0.06611969544861322,0.6126399331558042,0.34388828477464534,-2.0018821252038914,-2.213525716190828,-2.063430940642054,-2.0100022295466564,-1.8291144780202817,QSO,-1.0954809636630483,0.0,0.6126318699348781,0.3438953745961263,-0.20435424461232002,-0.09300465708893788,-0.4018665431861082,-0.7110487414076683,369676506810449.4,0.996213681756044
-0.11902537187075925,-1.1713337254016036,-0.9921938391427448,0.43585228259953873,0.7303974458792939,1.091336675921808,0.9812215246585161,1.1285099614263112,QSO,0.8993081888504456,0.0,-1.1713306916002668,-0.9921956021656596,-0.35465350566831966,-0.29808294743721037,-0.3772988373868154,-0.5612429991139005,1000053933816616.4,0.9507462097051006
-0.06144038669882267,0.6667315479432894,0.7789539234031749,0.24710729856192937,0.6388118940272232,0.6620195315610293,0.7528785864301928,0.7530630511706594,QSO,-0.4398239578613319,0.0,0.666728027862048,0.7789490664889969,-0.11601589604525665,-0.20002193836156615,-0.21474452839389702,-0.2991992680173436,324041364910679.44,0.8970665973207057
-0.8374370730546508,0.008401474275928127,1.0726083617652709,-0.5210300380536748,-1.8894686592964693,-2.188796302758655,-2.1314093699323933,-2.0830796430745258,QSO,2.6527548563304504,0.0,0.008404313469588583,1.0726184242291223,0.03398665237336792,0.3920495417272145,0.34352880800854985,1.3322157588763137,194352185512431.72,0.7403792420301689
1.5809530813059713,-1.1608502231491558,-1.157714824064759,0.30008509739432565,0.900638306847183,0.6987136172699208,0.8265092172038769,1.278000098824542,QSO,-0.39435788359695445,0.0,-1.1608525800799905,-1.1577092399953535,0.03408173742319456,3.9865440018592304,-0.09525468970321001,1.2380246453208112,228532063401437.66,0.8833426885886452
-1.2665269272207214,-0.22267791081123028,0.7845090294697881,0.5147448262670248,1.0780440538513618,1.3917946543921071,0.9685739928601985,0.9605141169554431,QSO,0.610240727959789,0.0,-0.22267302167259695,0.7844858359386512,-0.3366975000349207,-0.4035644713094059,-0.17147159141582866,-0.18270179534572498,881428172443088.6,0.7032590256157903
-1.343931811769735,-1.1044882035735697,-1.3692188811417414,-1.1901831248860806,-1.1704450591338647,-1.215396962323441,-1.0778058169857219,-0.8996864624223753,QSO,-0.5561389984498812,0.0,-1.1044890898895163,-1.3692137903084742,0.6016292100575448,1.0690668080578163,0.48566151519561296,1.2201880292615883,97119483250487.9,0.845539000268909
1.5418566568361904,2.1794996264188113,0.08483110490561573,0.8461616673755759,1.306730668235659,1.2156228002234402,1.396399668133581,1.625447701668384,QSO,-0.25143205185482814,0.0,2.179500384525792,0.0848304487822018,-0.4029834047863318,-0.8359270517655204,-0.38482902231874627,-0.8126178534159041,1702446964486813.0,0.9382572257232581
1.6319533360173335,-1.0755302955702253,-1.2540597214609732,-0.07550830845168736,-0.3816826480799633,-1.0455267594641982,-1.6243624882353422,-1.815487300499932,QSO,-1.3553230738099087,0.0,-1.0755293502026608,-1.2540619129039596,0.012580341999768822,0.4015566349472966,-0.3878790632029393,-0.6073927960145001,217070054474796.3,0.9921267802012659
-0.5421901643472845,-1.0038289811456735,-1.0507334621135158,0.38628236902275737,0.4809027349473469,0.7050244146625285,0.9009646870078875,0.9615497824469892,QSO,1.0191013753301932,0.0,-1.0038238030995674,-1.050742330793242,-0.37855748325080957,-0.819392757545857,-0.30211000771676194,-0.6228850023244701,1228947162727833.2,0.7985917097530852
-0.38889235721335996,0.5363495537436263,1.581182558320547,0.3240662377691638,-0.13320017534724551,0.07832564924401647,0.3338786887812865,0.1277482139018818,QSO,1.5589401798903377,0.0,0.5363486361280235,1.5811810692279278,0.014114844935831714,0.046454239705587645,0.12380657721524889,0.3742316247284786,230249478227005.9,0.8021209970823524
0.2715727289702466,0.41790365313889755,0.3767793532338388,-0.3034439729288691,-0.41888020138384,-0.3824082908321279,-0.6192961297842461,-0.851110116954836,QSO,-1.4111117495638985,0.0,0.4179031481594666,0.3767798942891294,7.862987423135532,1.9653257085456395,6.6619228402233945,2.5918226702711737,13118940773102.625,0.8425755504647525
-0.6425022341630227,0.7633949152118193,1.3733985627789422,1.1143696454386784,1.2691370217233873,1.2304028706385868,1.1656830264735465,1.0806240596198027,QSO,-0.6771093723317627,0.0,0.7633941849414161,1.3733946712623575,-0.35413705311890886,-0.5378787377415484,-0.31994149385749454,-0.4459755645792543,1002740126839341.9,0.8625191346333956
1.6319531663627274,-1.1108937131193972,-1.266868969851338,1.511469770626104,1.0602902760439972,0.9927327531831293,0.43760677928372105,0.1330809827048466,QSO,-1.002482212276234,0.0,-1.1108930778253412,-1.2668866446620732,-0.2795016832326031,-0.039364319928207804,-0.26644323626141186,-0.12421526414351028,608298538567286.9,0.8635888754891606
-0.32459829215973723,0.6507126316149702,1.2957338148798452,-0.23544184518693603,0.10711397522125395,0.21055971982706267,0.3059074807751527,0.6280836637390288,QSO,-0.16748729827934783,0.0,0.6507153775677506,1.295738072460657,-0.40773585162969334,-0.6421559962175404,-0.3604477892695746,-0.6078495422550922,1733976547396279.0,0.8658456204972645
-0.679724447376294,0.4149889906391978,1.5246056900041645,0.2450181167313134,0.31487806613103303,0.5717476905972262,0.6360080607112448,0.7469762452115714,QSO,1.3574633051267442,0.0,0.41499459669914956,1.5246129575441352,-0.3940592409937829,-0.5168467738843372,-0.32621542536094733,-0.35784963754791965,1460554094863008.8,0.8129245370081971
-0.4735484565969261,0.11505235214100186,0.878427072067551,-0.1364427785113225,0.2857608142783984,0.26736604244369705,0.21820876209536738,-0.09432935575474488,QSO,-0.7454807682487558,0.0,0.11505218607636422,0.8784251160706817,-0.26330600752860533,-0.8580218693463948,0.101655615129658,-0.5115605060028652,540491033389198.3,0.6070455641361093
1.5698958792688804,-1.14374378259982,0.12841307584100417,0.7810043829774607,0.9972410393389163,1.2705907601213569,1.3748255450515225,1.3534764927172522,QSO,-0.7683566095046266,0.0,-1.1437472209367694,0.12840593286199803,-0.21811875493603025,-0.5042874929168317,-0.36388217028875436,-0.7164146759517839,468272666616583.44,0.9665252487425481
-0.019504143226397885,-0.11620475259826138,0.13131177433873983,1.5460375806319713,1.7245385865213103,1.8108407473443418,1.4655028491185942,1.5367620303659482,QSO,-0.89421220968198,0.0,-0.11619905525495292,0.13131212473393905,-0.35285306987755366,-0.7010009065143098,-0.29859541389637284,-0.4294257672685121,1021066571030510.9,0.8332713633866957
1.6221040452123274,-1.0780512436607221,-1.2142212319833483,-1.4741636849257118,-1.8323784248598953,-1.7629180856726874,-1.6366067653966143,-1.6647162084147853,QSO,1.296191410809363,0.0,-1.0780510172285127,-1.2142204290428036,-0.31736740560345444,-0.20188922906335072,-0.2600831420347309,-0.1515252374699537,649974195313239.8,0.826242699130757
-0.08422090647668978,-0.10796010684484915,0.16971548957807478,-0.12558940481681005,0.21743913686602326,0.3169012289340668,0.15134181137035002,0.44888627934643477,QSO,0.4167519588646667,0.0,-0.10796491751816363,0.16973167053615565,-0.36150856442105245,-0.5585845369233637,-0.36181807276589384,-0.5455680901387795,1019841327862477.5,0.9215795865175633
1.5553935379423405,-1.2308621783825953,-0.8156915695598908,-0.6001892857846441,-0.54057763914518,-0.44826008971149667,-0.26548601016536777,-0.44690077734623473,QSO,-0.8196861724041699,0.0,-1.2308625410152954,-0.815685205008526,0.15999787266206492,0.34279710645179085,0.31719519797616147,0.613776934831372,172174993906750.62,0.7932724353792155
-0.28181573043095354,1.0890915177648417,0.3509285842012533,-0.8945268536228616,-0.5278762502626673,-0.749907058994896,-0.7517469482982226,-0.6425325378283708,QSO,-0.2025229918054621,0.0,1.0890925297916287,0.3509304437969728,3.315698674477869,4.641421219935277,0.6706183256508426,1.6257274966408999,28282502120843.754,0.9442855672077842
-0.679906413005681,0.1850913843818929,1.3171059672305843,0.7712104170906714,0.8275371047201824,0.9131160991213347,1.116733412462808,1.588454457093142,QSO,0.975670530290642,0.0,0.1850969344676235,1.3170919593094303,-0.44577854611657874,-0.8693910498307963,-0.3931813920717109,-0.7849534806926668,4325855434566374.0,0.902729618222242
0.08358428736423193,1.2421537055408234,0.8683685372322879,-0.19703646004539854,0.027807312829405854,0.27107935221383844,0.33962506735921844,0.1535671729104375,QSO,0.8550808321740689,0.0,1.2421529381304393,0.8683437070116218,-0.3670966725911206,-0.4474635192669988,-0.3973113871059708,-0.7064592671347308,1071124249883660.9,0.9818565148952496
0.8048944267612227,0.6390729871632908,-0.43445351640058616,-1.4780086685075922,-1.3507466875949707,-1.4265068542308845,-1.3089532079171518,-1.1774083402870927,QSO,-0.22527293283486696,0.0,0.6390735953620931,-0.43445874105260035,0.2971924946529251,1.1932264423853227,0.28274719919355423,1.252349034538358,133868491578739.42,0.8344687693482907
-0.9374440301835204,-1.228806749873059,-0.9845743601056312,-1.0792712767082289,-1.2551825995163617,-1.4137389221148282,-1.4040113237230576,-1.3516090929222273,QSO,-0.43397791404809294,0.0,-1.2288083017410842,-0.9845717631254891,-0.31665536601047894,0.285743975067877,-0.03652569716902309,0.5941528551164693,660439810409383.9,0.614327525393038
-0.33656199566704176,0.30143711574733184,1.0138393103235055,0.4771099195311044,0.3128359855899769,0.5853021858665634,0.5451291293256506,0.7123722990948973,QSO,1.144866370618468,0.0,0.3014405963420615,1.0138450648264956,-0.4339792951325888,-0.7265938897953509,-0.3805808010926013,-0.6963944243197264,2962340499198008.5,0.8722030337156773
1.7340142866510833,2.2181838885532663,-0.053189065290542445,-0.04957874672418243,0.13429477138840343,0.05600006020727504,-0.03514512850803232,0.22424680031598257,QSO,0.040730850694052696,0.0,2.2181808821275473,-0.053186789862169404,0.575647387726763,-0.23173218183974867,0.06711001568542452,-0.22437476203527834,106810204136676.69,0.9128695176938666
-0.18422607113895179,-1.2790031525904977,-0.9593604432396714,2.9510642208447546,0.7214281352269882,-1.1182381207268381,-1.2958199375787527,-1.480676633609963,QSO,3.9881410994191246,0.0,-1.2790037480454313,-0.9593807782192736,-0.37394678908059403,-0.6215243253710422,-0.2056060255550615,0.314445726346018,1060928561428709.0,0.6596679773384326
-0.8692229477778685,-0.280041063334728,0.11960815132145622,0.8067339166573532,1.1034556336876813,1.0992937682863995,0.9453685214737193,1.2043951706446294,QSO,-0.3985216515592405,0.0,-0.2800432578508706,0.11961178035669136,-0.41550184116860306,-0.9177131435251468,-0.3577768025877062,-0.8152189119460667,2061838830652884.2,0.8410659610924295
-0.14615818869615588,1.8894595164809327,-0.9969077738528567,0.8321967462737622,1.152219108676676,1.135722617583138,1.1001633128313912,0.6220241121349803,QSO,-0.2467138360638518,0.0,1.8894606782205965,-0.9969031224185306,-0.41710833268315894,-0.7686358474404758,-0.3298609001442887,-0.7051347197126705,2125178901721904.8,0.7555181064467029
-0.39173123936989984,0.8020460827339756,0.9240773666384869,0.2899355260895594,0.5477544664530135,0.5808754816085632,0.4262331655433506,0.6394668993610289,QSO,-0.6817156167075791,0.0,0.8020433806850928,0.9240858035776082,0.09304061124179659,-0.21430719127684195,0.7716337632888183,1.640288013159169,203471263698578.6,0.6531299926588542
-0.6797235253692053,0.7440265247910289,1.3853889912298898,-1.3288692378971927,-1.1469875391256217,-1.1502402657655733,-1.05570013097301,-0.9677950956690816,QSO,-0.1747897818767316,0.0,0.7440228896510127,1.38539572237914,-0.19063863570323286,-0.7615985492943848,0.1810337759437305,-0.22381954604110113,371148068508325.6,0.6530332745642435
-0.3855071355626121,0.7643304309419822,1.4181806729508524,1.3296220500080076,1.6698161092638086,2.057364273315803,1.4493451690023371,2.099064798780631,QSO,0.4776019319075326,0.0,0.7643387121826101,1.4181759164718521,-0.19311870249814345,0.5312890682057484,-0.3770254123435136,-0.4809532967404351,443318667798073.4,0.9786947080608267
-1.5272059354702083,0.040476809004964566,1.7893635575844775,0.5532983803327217,-0.2157548020479231,-0.2923010793655234,-0.1191962256981592,-0.1494830855721024,QSO,1.8777246920870136,0.0,0.0404764615437788,1.7893578007324493,-0.37235293244809964,-0.8934779889912157,-0.3628742517666226,-0.7567079404843096,1093469659409264.4,0.9154243710527284
-0.5177208288870376,-0.9150869741136871,-0.9510597833792279,-0.31598647235877514,-0.172615850618131,-0.1194766916398878,-0.22301596498174078,-0.03450604644041036,QSO,0.003189323444614121,0.0,-0.915089214493332,-0.9510490298472546,-0.3606838859015889,1.204956807505203,-0.2349906955509601,0.00890917244083444,988974781353992.5,0.7324678776291507
-1.8142914249766253,0.34754332476740407,-0.964944027694657,-0.3528212669042482,-0.4048673038779799,-0.14342113739908086,-0.257292609130803,-0.08598952311229052,QSO,-1.1730808056106459,0.0,0.3475432108016985,-0.9649327512662151,-0.3781025623443514,-0.6301359317816432,-0.36900378001952683,-0.7006751904955861,1169258654949706.8,0.9224910563013878
0.17634011062482685,2.1965774314736244,-0.9851395622708362,-0.374402070707739,-0.2525386580008133,-0.1697069804517617,-0.2967107499022288,-0.21386695696324884,QSO,0.14378647430624136,0.0,2.196575157361179,-0.9851306264511872,-0.24927887780729246,-0.3730681980512707,-0.2569802562584688,-0.4590612026291348,494837815192246.75,0.8734176218110157
-0.019504489940710766,-0.18328643472038383,-0.043067075910840115,0.19198105032925386,0.29985293042594063,0.4861769363867565,0.3778517739757265,0.4500127926881163,QSO,0.5860384040815712,0.0,-0.18328734855407955,-0.04306339600002901,-0.3001783815216377,-0.507739354218127,-0.2885800293915111,-0.5674231642919157,663514620045276.6,0.8708251186527164
-0.8374980085633608,-0.10199843981637327,0.7684410844347184,-1.153985456714483,-1.0107226733666688,-1.014448368826407,-0.9240191622206705,-0.7236233288594623,QSO,-0.5449689031694388,0.0,-0.10200499121727423,0.7684426114778983,-0.1196277504340317,0.43565599957019874,0.17897242964633528,1.656644164404965,298844327202236.56,0.713630421233621
-0.4167487214859094,0.05256862332231334,0.6321726209819778,0.6895693398800713,0.5412849440492402,0.7378405611040799,0.6929402835599041,0.8601454121255644,QSO,-0.9508336390284273,0.0,0.052567511735322335,0.6321854063780227,-0.1773444315235849,-0.40855696307161715,-0.31279723397427595,-0.502286297767345,392831707052928.75,0.9378150963928465
0.3035971159982937,0.014488580601409876,-0.10194739206681903,1.025942431501679,0.9679037357038393,1.2194184247421809,1.2060359848126712,0.8626164736492544,QSO,0.8997017115776377,0.0,0.014485098663296057,-0.10194186218682968,-0.33762436519906386,0.10599882650436933,-0.20503072208106465,1.0844255037666313,879812306554282.9,0.7385082789724475
-0.019564001854801248,0.0021127716213879054,0.37529603428910013,0.8598598844139063,0.6450877708624492,0.7651690576390202,0.8577889462094275,0.6117128811445826,QSO,1.2269665709297202,0.0,0.002109630899280905,0.3752956412270598,-0.4114707786118374,-0.8596059134075905,-0.28036039544133234,-0.48587115638551054,1893748411888022.5,0.6560162160899949
0.292840792659208,0.5467172259375275,0.2601140005628167,0.133809930705148,0.013908842250414015,0.19298094795954146,0.3140825520534854,0.5030497675973156,QSO,1.2204213819276204,0.0,0.5467161372010934,0.2601085164978895,-0.3323763424475172,-0.7406816598696869,-0.25953072598517124,-0.5379483571957145,803053263394587.2,0.8087989452661909
-0.11896502646502673,-1.187625522484222,-0.976959511359336,-0.5438925030511266,-0.5619050578993904,-0.3271476562725231,-0.39280449693509834,-0.37866495710934006,QSO,-1.3505050574097681,0.0,-1.1876249279616793,-0.9769553739835524,0.2671559688074139,-0.20767644265555887,0.5277657847151831,0.5562038961103415,148226230742465.28,0.7742214988150942
0.08152865620833491,0.7402933466877478,0.026317736343642744,0.7871385764375669,0.34190922708612187,0.3423456323343995,0.6163493971551627,1.1674473499944538,QSO,1.7424948666694633,0.0,0.7402925774065892,0.026319321489864815,-0.2325755357996784,-0.35963131192843034,-0.2494002807855102,-0.40119754889868775,473240331911405.7,0.876086511538348
0.2791845483868513,0.3678424861897619,0.20989092181433863,-2.664078681047118,-3.0325584504373535,-2.9552106347995597,-2.826757837374538,-2.724047564921676,QSO,-1.0545431053849375,0.0,0.36784349626329943,0.20989085283292896,0.054892481805377535,-0.23770473691881122,-0.2697369814479152,-0.5086200457447707,177929576540872.38,0.9489580551971146
1.759453397430929,2.054044929654954,0.34944296420710313,1.0522942746630317,1.520444959342654,1.5729236856430862,1.2383605099232997,1.480336430646691,QSO,-0.08090688904992291,0.0,2.054050454234461,0.34944187576285846,-0.16369913119578106,-0.08212253487012482,-0.3206673150579428,-0.39012708059850976,391719440062279.44,0.94531884786837
0.02067997380401209,0.6229084003095066,0.5646458593173626,1.5044095213900135,1.2980694300787718,1.2577130750071692,1.1894475554250221,1.8314179474959575,QSO,-0.6103342452366867,0.0,0.6229048045573744,0.5646135825185343,-0.3598465771537958,-0.1104735877904393,-0.20694587524355823,0.35407992723145343,1054852100298431.0,0.6973883494438172
1.5809534132388963,-1.0922291388752945,-1.151125489072159,-0.03929582338767455,0.27266333218749383,0.28730450377106076,0.12926361999198138,0.47999258323288596,QSO,0.2781643433040971,0.0,-1.092223909252777,-1.151131728606809,-0.3569473114983584,-0.41972676104743284,-0.32416283217542063,-0.4090157221580378,978175073296115.6,0.865784999362116
-0.9375648979970651,-1.2331968372407216,-1.0186336566608847,0.5634405431912803,1.0659588099596864,1.1202748830960192,1.1157711002607629,0.9915931664868546,QSO,-0.45480757235374136,0.0,-1.2332007458139036,-1.0186272677589636,-0.3020101462354378,1.1466604675383423,-0.28220903419173793,0.37219994607851375,692923916059841.2,0.8629877610971275
1.5811948759721721,-1.143940365349835,-1.0778843391069826,-2.356954135054134,-2.4163078347461373,-2.3723033156358313,-2.4664681489285485,-2.3591208357117326,QSO,0.38775433742416715,0.0,-1.1439420815604522,-1.0778815185105837,0.47634047233616794,-0.6430028763135571,1.0531616476998857,0.022516925306083277,102617080680600.22,0.731635362949409
0.38813313677342026,0.06280272160944583,-0.24211242126502835,-0.02989450514990268,0.17012800364114256,0.21111763090090338,0.15412793431722452,-0.020415544884370036,QSO,0.7057964304551094,0.0,0.06280014798905348,-0.2421061143439823,-0.20395648084084475,-0.36381446267919487,-0.05949628771662419,0.7482322555873726,419941945303244.25,0.769642496108126
1.6297789097846,-1.098174724358877,-1.2494754749351866,-0.25601510030615937,-0.3178148187442004,-0.24577495424061357,-0.14120109805160957,-0.19678756113774218,QSO,0.901884342786189,0.0,-1.0981726407080317,-1.2494743727225837,-0.37936072668122156,-0.7196121569279057,-0.34255599557378485,-0.5988808737418521,1178416918215514.0,0.8702789703809634
-0.33408302469274204,0.8454544621143144,0.7904722882892766,-0.29891000384966027,0.10869834805483077,0.1490706026234527,0.3887488140541331,0.4556635289665568,QSO,-0.43788879970802524,0.0,0.8454558922279137,0.7904790186338221,-0.33241810503743224,3.081513922878541,0.12822151750815078,2.7982069359571615,801413860014258.0,0.44518123866335746
-0.3366824356847414,0.42374052527698486,1.0240192716773302,0.22112587771096875,0.5706486538982061,0.9469840451283229,0.7646187952951513,0.6139931621829885,QSO,0.6876240647918422,0.0,0.4237409400335726,1.0240145144537731,0.6191335710117309,0.2559644546720068,0.2618886490872835,0.5250824512803957,107458079995689.5,0.8837595537192579
1.5809535091018163,-1.0717529389971656,-1.1454420229022857,-0.6367499678204237,-0.859080589050718,-0.7737326056727802,-0.6474139758402164,-0.6800436151493857,QSO,-1.076560769586938,0.0,-1.0717543985560176,-1.1454270627098173,0.9497719138114142,1.5850755130060201,-0.35931569896390436,-0.4604527028133702,75217567036551.52,0.9932797749805738
-1.4774761724981316,1.1488716356937294,1.0150616300962703,-1.098577687525909,-0.7831891303223641,-0.8046097824806633,-0.6905438922481045,-0.5574444413913097,QSO,-0.36051492905841287,0.0,1.1488721597622313,1.0150598806635929,0.22936163468364262,0.09188421330025269,0.3764880849150496,0.1159757273918667,152119519522941.8,0.79791528069165
1.5555739250750764,-1.4179256169130905,-0.7443619811030944,-0.97863494342068,-1.3096762229201235,-1.1606759466713192,-1.0866315946102014,-1.2110492991923298,QSO,1.2042923593598436,0.0,-1.4179264156198064,-0.7443538261249792,-0.1367535954518093,-0.6248182251778592,-0.07746028303768826,-0.5493795199531399,311458150637537.44,0.8202346184237054
-0.11896539530820126,-1.2655920667819391,-0.9698577784327744,-1.4233195186011796,-1.206630374238512,-1.4561676019761354,-1.3580861194901808,-1.2621784692486815,QSO,-0.2287362032965151,0.0,-1.2655916622869314,-0.9698566682750587,1.656260088639001,2.0051050794301184,0.7159182431467274,1.826796229955543,48333290666148.91,0.89909495781877
-0.018900150757732975,0.5973954915062116,0.6956178403296074,0.07803914765238952,0.7671196873330998,1.1363811355719329,1.024058164966731,1.4805908046270708,QSO,0.5456840683353624,0.0,0.5973954299899799,0.6956002283579276,-0.23821364366509395,-0.4299896742078914,-0.11993594778669818,-0.0579877262839295,504939610135548.44,0.7805871786787448
1.6298999915392878,-1.0505325027594956,-1.203380691695408,-0.4351735549508022,-0.12908080597994392,0.020001076819887744,-0.03607078119762012,-0.14347804267813655,QSO,0.6471574871681182,0.0,-1.0505325833542265,-1.2033868407342678,-0.3183860237453962,-0.5007722405321315,-0.25381248428749803,-0.3444867667032292,723594725345186.2,0.8184099489737328
-1.0657299094880834,1.1074783873204919,0.8541187271086009,0.43938611144068773,0.9566722927280351,1.079712004202962,1.087552440545531,1.0992296993275854,QSO,-0.03918266147331622,0.0,1.107482086090365,0.8541210319196536,-0.3627595806257508,-0.24289223369459786,-0.1692286931068281,0.21075749271231148,1073049667300848.0,0.6426932600937383
0.07965555136609441,0.7858962575723939,0.10461870034262916,1.7585266347657684,0.5356604204900408,0.5015240639589212,0.7403685278035941,0.7248638784885492,QSO,1.6409376045065156,0.0,0.7858991438185653,0.10461982368595124,-0.4040223504291371,-0.84649374656085,-0.3563096112882199,-0.7204221906459018,1665824374240033.5,0.8620620753093053
1.0825552857517027,-0.030229964096205573,-0.9872147088924913,-0.9048320022979922,-0.7927041693951254,-0.8500932541233169,-0.8097972862768781,-0.6079013373566537,QSO,-0.342753666175443,0.0,-0.030229716500546216,-0.9872192736982756,-0.38453072496402346,0.02839054784239342,-0.2421115137229741,0.48435366028059484,1206292984968116.8,0.6835133322171872
1.6298997923795329,-1.0933668815922915,-1.2099498518181344,0.9920487901007276,1.457562961992225,1.264097041065199,1.0448624382871525,1.7340744760755948,QSO,0.20487851115724262,0.0,-1.0933652160357963,-1.2099504833116748,-0.31660372820150884,0.1810669191466449,-0.26760312751275955,-0.09843294773932468,763169869709471.6,0.8351471209862275
-0.11896506334646281,-1.195245802455501,-0.9756522889588504,0.4866519982468255,1.0799805095368438,1.0194301699788069,1.3955015100783397,1.5562216398650093,QSO,-0.324147208431665,0.0,-1.1952418678895094,-0.9756743968604349,-0.4039718015934276,0.4794088144161714,-0.2690264204550319,0.1395294256389172,1709765482873219.2,0.6643337082713187
-0.4371123564413656,-0.20872975005858577,0.06285665352002798,-0.36226703581926556,0.00669114378634049,-0.1156078984557251,-0.03855446316671044,0.002732487330198256,QSO,-0.18044785435292665,0.0,-0.2087250029866793,0.06285891005833297,-0.3470418990308855,-0.33683344180575986,-0.2837719265659081,-0.42041695211145214,881926560434121.5,0.8204727761961028
-1.529560483202897,0.9735561057522386,1.5323718419921206,0.20490138051575957,0.9114912607571868,0.8168810119256791,0.9657237157665202,0.8308651500268419,QSO,-0.20310448586969812,0.0,0.9735595851895235,1.5323652173166382,-0.336177752643337,-0.3289107539966975,-0.32406467145320644,-0.3728701103707209,852808783372732.9,0.8848788334010577
1.6298998292321554,-1.0853531469133109,-1.208750762778382,-2.0378501315430437,-2.4088084700005368,-2.9378239306787695,-3.2196286675183683,-3.2285256767250075,QSO,-1.7477010690827737,0.0,-1.085353259700119,-1.2087492549293402,10.410627596337797,2.976685636893837,9.470221920596716,3.899773478114129,8637562408707.257,0.8324502956990828
-0.8118169187677612,-0.12152964928881635,0.5989973786883536,-1.1096310892680339,-1.133784432179143,-1.2240308648431788,-0.9215904695202697,-0.6998211921239195,QSO,-0.532077314996502,0.0,-0.12152913644630343,0.5989941454006783,0.22072482952738462,-0.4719336337807557,-0.10992929329842302,-0.2478496678038039,150381176890361.1,0.9172854743161039
-1.2764369322458209,-1.0496325547322318,-1.398413559179901,0.15041225865695945,0.2746702044433576,0.29746580218147656,0.5711298885371219,0.5651351883800296,QSO,-0.4777495416555217,0.0,-1.049634117247675,-1.3984027676513893,-0.3794585202030039,-0.6268240264293118,-0.21674095385366057,0.11595996889616172,1214590219633447.2,0.6595443367307292
1.741506293092029,-1.2126685523225935,0.398645344758121,0.13784753388843068,0.23932988818328396,0.35120818693358374,0.45538664282628455,0.2543174387108877,QSO,1.5691122690791375,0.0,-1.2126698846610966,0.39863309335618125,-0.28991420355586633,0.16858073408638818,-0.2849590933452682,-0.29793850498266067,621855793034243.6,0.8741205704682351
-1.5295643114671496,-0.2891790755875952,0.5376758804122522,-0.28055928259279456,-0.13185345843870255,0.09546540911900891,-0.10444077193345377,-0.04918705902233272,QSO,0.22339842094727408,0.0,-0.28917876252294433,0.5376824770444095,-0.4173682063789508,-0.8515715788272021,-0.4058163535216285,-0.9146203918008827,2022516542918181.0,0.9959951043892611
-0.29456462493125296,0.2724484623825684,0.7385147038241973,-0.9835319263640734,-0.7139784437089254,-0.7908815116309501,-0.6450036128960444,-0.43929681228988043,QSO,-0.326085071208526,0.0,0.27244841182003676,0.7385151635070902,-0.10346504176669076,0.030857555360599528,-0.19527871617184567,-0.1201439025283018,289404119036329.1,0.8908507878111793
1.6298998735475059,-1.0749597685852654,-1.2052147115078808,1.5776938712781499,1.3140099811988168,1.293373653316985,0.8911399376689019,0.4629404417624222,QSO,-0.8656200113123128,0.0,-1.0749590424961166,-1.205210130856774,-0.2637966225586036,-0.7685627102361043,-0.10892589567773786,-0.46802124148996505,571240530839670.0,0.7488477869412878
1.6431319222080745,-1.1041652965353055,-1.2551072198711275,-0.7819481050482443,-0.4840683414142508,-0.5368673435369583,-0.4419649031424738,-0.2544032676937798,QSO,-0.16237150282584722,0.0,-1.1041657256601745,-1.2551028603941965,-0.1795365998493062,-0.3770465976674933,-0.035249082362573875,-0.16439275792848904,369661990491948.4,0.7735794113845188
-1.0953978530488133,0.19210640813470028,1.6468896273853124,0.0807210051796328,0.25502398130699766,0.5832534632347602,0.5858486827893666,0.5069562251531496,QSO,0.6155404378150013,0.0,0.19210327865341717,1.6469004053605907,-0.350257627761808,-0.2288654181734252,-0.2673277393704898,-0.13836639328658656,939301615296434.2,0.7941790807388095
-0.643892037376877,0.7792208700134589,1.3694415175296002,-0.8303771179090165,-0.6596344555172211,-0.5607843510466193,-0.5085385777678213,-0.5301446624255407,QSO,-0.04147077300049648,0.0,0.7792194300358213,1.3694264719486482,0.0521475990514157,0.7957996171789514,-0.07272524213661308,0.6206516411163847,206256896535216.78,0.8794631475067377
-0.3853258559279364,0.7745505848660169,1.473274138125932,1.807548323323168,0.2892640386548658,0.1400251263607151,0.34476656398157873,0.6461714707010386,QSO,2.3165160560242497,0.0,0.7745519804568376,1.4732718171166583,-0.021582331452334715,0.5390020492255401,-0.1904340881577992,-0.022613822205594027,249284186686217.1,0.9077916860948646
1.743440746572691,2.191315672668206,0.29944888516257373,1.8977609727962623,0.4410293519689821,0.2487354710107423,0.18887198725013946,-0.1502552922982586,QSO,1.0053862292848847,0.0,2.1913160618522727,0.29943270878128664,-0.3687020611712203,-0.545258781357815,-0.40672940242178146,-0.918413001573167,1086345228944253.5,0.9996285643089712
1.6299603369738338,-1.0677342329564887,-1.1882692475931707,0.5518389164297736,0.9140702676474013,0.9711205586342466,0.8300285303999307,0.41629915550277347,QSO,-0.708389966514689,0.0,-1.0677318531427948,-1.1882716410080685,-0.36177887178372525,-0.29911653182513204,-0.33137253254011534,-0.4374974938899725,1057703151679108.2,0.8717400408410196
1.6319532990782701,-1.084216443092824,-1.2525645155657916,-0.9425409934959937,-1.0800653910495734,-0.9253655186757074,-0.9605686961421859,-0.7656858834722727,QSO,-1.1682627892105055,0.0,-1.084214805128617,-1.252566564794397,-0.27077530304506753,-0.08448225246345396,0.30700311146890913,1.6008192347894938,525013236838225.2,0.4749955608688316
-0.15334826891987063,2.0555432053606215,-0.9878090142885392,1.0710820942461603,1.7569126047540748,1.723047494921693,1.5929954685725043,1.1368952179938316,QSO,0.33265304174657534,0.0,2.0555451922512873,-0.9877952340917506,-0.41509527253640577,-0.733179232230182,-0.4023049876277591,-0.747081729977665,2112194903841537.5,0.9840243527491835
-0.08277117836310169,0.12304431247973674,-0.40878935878831346,0.24904831146838588,0.14567584957626512,0.30069436954319917,0.504913644158248,0.30872621615713514,QSO,1.3997352189731547,0.0,0.12304573888157798,-0.4087922302461551,-0.36795266141869076,-0.8095910506521521,-0.334420884581814,-0.7783803328168657,1081560096037174.8,0.869806205449393
-0.24827885783766546,0.8908936191384809,-0.5238376085528361,-1.1468437145701065,-0.963385133927896,-0.9994487924149976,-0.9276576188322178,-0.7280021952360001,QSO,-0.17478572494139977,0.0,0.8908909483634733,-0.5238449921721603,-0.27143350826762436,-0.7184834859148765,-0.21376240152791082,-0.4689575379318652,524519451414066.2,0.8237914423034168
1.7656773093394944,2.0679391968227865,0.2352839424135618,-1.6855266552359176,-1.8145014180543653,-1.922983687365444,-1.8111060447009402,-1.52670015448869,QSO,-0.268372461488981,0.0,2.0679388847527336,0.2352961495475957,1.4400430888682918,2.821605690451907,0.7468106770787217,0.7775975869964805,52330498524666.93,0.8854299594575302
0.16860642756708938,-1.2372788420457046,-0.9830888691008959,-0.07878284167556057,0.13632804985815913,0.23588522414608665,0.392992152621252,0.45625403999243885,QSO,-0.7322761198993756,0.0,-1.237278451851958,-0.9830868274802079,0.17691444866454276,3.2704687427841614,-0.16175450557295587,0.7580363745078295,174017375336743.1,0.9267554059395204
1.622104163232923,-1.0538997540138635,-1.2062769988279338,0.6160701450519074,1.1363049637705198,1.584420312197443,1.2591006290969173,0.9525104213584908,QSO,0.17943746969102423,0.0,-1.0538993784985762,-1.20630171182936,-0.3945202024442248,-0.48685267363871304,-0.32653280072584756,-0.5532051240758064,1546802869370046.5,0.8125975355355367
-0.7017204473456758,0.4865711236817375,1.7682284133287478,-0.39061915945674064,-0.21086085040642932,-0.12874167389888816,-0.05716833061771144,0.04878326256396493,QSO,-0.7415103808706228,0.0,0.48656571546097743,1.768245466493535,-0.14014292699688277,2.553691762999505,0.23500426277035566,2.054387261946233,333262369404478.8,0.6745030529156033
0.5549702740272922,-1.1247128490944547,-1.190587993860525,0.574708789873433,0.16146676548425556,-0.5743297002327791,-0.8653272827739859,-1.0693357377657111,QSO,-1.4922976518825228,0.0,-1.1247134739640055,-1.1905840827127456,-0.20964073511160883,-0.4969010895436632,-0.04284925465961965,-0.17055874879819818,411085310089308.5,0.7553794297822741
-1.3440525763440723,-1.0858072869448758,-1.4001216635479188,-1.341574723143668,-1.3152655381941336,-1.3086229881536369,-1.105868673773006,-1.0020538199552402,QSO,-0.7107313591258945,0.0,-1.0858078168488157,-1.4001186366847829,0.7206326547280473,1.8036785284571997,0.688886601311927,2.2565979442406405,86966427533564.97,0.830655768955056
-0.018960260122274513,0.678793741981686,0.6291336105215599,0.4855036890846088,0.7851903397071771,0.7067072939672249,0.7645088167577755,0.7885845605737045,QSO,-0.45380145239143505,0.0,0.6787929017107994,0.6291389146410409,-0.3597801032475838,-0.8520327954182364,-0.23560036480453575,-0.7482834194980252,1024960417279329.1,0.7351394441087921
0.17628129951564936,-1.192592856561364,-0.9968960853513342,0.8245882720182927,1.5497822629777278,1.7056333525513705,1.4882959009899102,1.1163272647231186,QSO,-1.2001861371811793,0.0,-1.192596342753232,-0.9969119750491928,-0.21312896776665274,0.2774897539574627,-0.34604550791794914,-0.23187322126404233,469338277947049.3,0.9538610604936547
-0.45880432800928633,0.01582731730420022,0.6645830155926719,-1.097384927686444,-0.9073951584035306,-0.6291879071325645,-0.7267085012887998,-0.5018728114633246,QSO,0.47857289176362916,0.0,0.01582804466962293,0.664575324398849,0.23983900941442274,-0.03093945910663435,0.28476489540801675,-0.005769491106080131,151361786203897.8,0.8218576906162244
-0.8610621998190559,-1.3918674168719087,-0.9820444855394005,-0.7077302909379163,-0.6675211113999159,-0.4978227144513985,-0.5687884864940085,-0.9369249961929839,QSO,-1.479740760874466,0.0,-1.3918642319245886,-0.9820459466206055,0.6568290226404592,-0.34758395009440246,0.5591872853666605,-0.13516916960244188,96189644253824.9,0.8413458292054193
-0.41680886035559983,0.12341081438864324,0.7214610540932046,0.6821608936722116,0.8136386341411905,0.9317192323047574,1.0325265123447336,1.1968638838683843,QSO,-0.7077315259103248,0.0,0.1234023227617146,0.721466596920833,-0.26136162250324474,-0.3430107067222416,-0.2395626722136509,-0.4487112894606101,554391646721402.94,0.852323501015208
-0.8746007627763188,-1.177467874776394,-0.9770745599558283,-0.1745370089121312,0.0658146566926703,-0.12805571766056137,-0.013625994694663418,-0.09920788530702923,QSO,-0.5476478328002569,0.0,-1.177467807760882,-0.9770693838626111,-0.2764463779471399,-0.3616936489409131,-0.35098667421065105,-0.2672296992809897,564557428189688.8,0.9442161812559184
1.7338937654942241,-1.4363330418627736,-0.0743657832576252,1.1015011743756284,1.2168351140727391,1.479322670402603,1.4544775007465798,1.7542972075157925,QSO,1.3679450737125443,0.0,-1.4363337676009236,-0.074362971072374,-0.3664324268245801,-0.6763488988234472,-0.2854400641400382,-0.6748582721034768,1132637607833938.0,0.7937152424438322
-0.8746007701526061,-1.1779317140718544,-0.983345400791812,-0.7550776706523401,-1.0557804763393515,-0.8186398740752385,-0.8190354834165208,-0.9883721337248079,QSO,1.1061537413698932,0.0,-1.177928227153519,-0.9833520012275794,-0.4492475006872987,-0.6257709085023344,-0.36629113233588584,-0.44374069305080766,4520829243649763.0,0.7044762813010518
-0.8931512473520445,2.0040553163540573,-1.0432363401317848,-0.5902101087426576,-0.5925186618726224,-0.39739872116036007,-0.292311608407159,-0.2838470559227467,QSO,-1.0512573934596479,0.0,2.004052595319406,-1.0432288304711494,-0.010500604484344018,-0.12513910461189948,0.12486286303165677,0.6726965328414792,236326955188424.3,0.7923083865704482
0.06744894666306561,0.46462997448466065,0.3332570036195298,-1.118721252765077,-0.8647491229664072,-0.8767998170021718,-0.7900561388177666,-0.6365820036444843,QSO,-0.2562124739875597,0.0,0.4646299425870183,0.3332604130027301,-0.09664241021771637,-0.556598723479317,0.06519158299289049,-0.3724086532570741,282783920747476.4,0.7755173738535687
-0.811816372922507,-0.006193606873269768,0.910933365766391,-1.335662783069797,-1.3483525242020094,-1.4145346313512897,-1.3028127395802886,-1.1642444868024366,QSO,-0.5019275239217481,0.0,-0.006199849481364092,0.910933855177053,0.1608330127708007,0.7595600704672028,-0.19830690025855965,0.43321434009968995,162788216733969.12,0.9357941512941734
0.1687272659042988,-1.2398875365624744,-0.9449295446592929,-0.6502926074883896,-0.6180974810636004,-0.42951061919722994,-0.5045151962754573,-0.48596535290456877,QSO,0.36622959086499013,0.0,-1.239889296233336,-0.9449343695142417,0.06420124861563752,0.48119318049549525,-0.1766232481084506,-0.4298533727987926,203096028401077.88,0.917171875554644
-0.2978285286996813,0.4326459011550067,0.966192679838668,1.3992392190232532,0.9669619140749917,1.4548111674863953,1.1564814888463646,0.7808443237421454,QSO,-1.2790541771135227,0.0,0.43264518096573773,0.9661677475858818,-0.17255077123067047,0.054962025149621806,-0.3005765618271099,-0.16400688322942727,400902862924234.5,0.9311022887973974
-0.8374975290758779,0.005200217949816172,1.0443274815331651,-0.006372688439950102,0.33567736060738557,0.32116330369487156,0.3271058438545054,0.3629442131180985,QSO,-0.6154716776786237,0.0,0.0052039902309617804,1.0443476056378636,0.13954315738383344,1.6495345400050356,-0.19449564754120185,1.4808774051995,185473157832755.75,0.9324646424376627
-0.6799060220624585,0.3146913024237013,1.4261774477064832,0.2635244153585435,0.0074481219179380566,0.16911881694894776,0.2985572485271463,0.368676712461658,QSO,1.533527536971442,0.0,0.3147038575548826,1.4261905553079186,-0.2946364383718456,0.16726434700194717,-0.3493168968715007,-0.32317031626572373,632195294657662.6,0.936924832833025
0.3035365345801838,-0.016292556285384212,-0.1674756985185427,1.460544111393283,1.2470614269088767,1.4222145270411066,1.8305766039404672,1.1791848922319823,QSO,1.468880272457937,0.0,-0.01629155931075445,-0.16746136896730707,-0.15247017876595031,0.19384565302438753,-0.3751080045041172,-0.4434256898932763,375164710562362.0,0.9801897486149186
0.7989727139060745,0.9049421687353624,1.634746241897078,0.6912066064920065,0.575225730972987,0.23408344576008164,-0.025338708925278793,-0.319523006671023,QSO,1.3417575561452597,0.0,0.9049422767258757,1.6347412880083554,-0.33710846179001525,-0.42048245709644105,-0.3838959224060276,-0.6703302267813894,832865998011053.6,0.9663959651605378
-1.113043385203455,1.1905481767083022,0.7340631986013993,-0.697402916924163,-0.2852735611567805,-0.41815118389053985,-0.34136203607715865,-0.05174896839615823,QSO,-0.3874137626205536,0.0,1.190545594466073,0.7340534695168983,-0.10242554698352334,0.6459022944523248,0.015928838444046085,1.341878301470278,294636387587060.8,0.7937098849807249
-0.14609775477497675,1.8895496443277084,-0.9816166162886074,0.7696027842635664,1.179919227050386,1.3108884026022616,1.0133444224506185,0.8791962062990113,QSO,0.5372808029512621,0.0,1.8895528690427223,-0.9816169482542925,-0.3752489032613641,-0.4345288061566695,-0.3583083289547195,-0.6010173172058557,1224576897293884.2,0.9044390911857848
-0.6425022563495115,0.7567100831195969,1.385713420650928,-1.7139380464430534,-1.7908414504062777,-1.6952370701577784,-1.4878516287165442,-1.3706598870956743,QSO,-0.769388152928346,0.0,0.7567097412379287,1.385711869733093,1.010185693135958,1.4541535574241828,1.5103378353567292,1.3847173968420003,68420893771195.71,0.7695212406279083
-1.536511844672181,-0.025875462174346782,1.4776587228949791,-2.5415429807691368,-2.9319331713625956,-2.7308572144508187,-2.6868284783189504,-2.454592841419301,QSO,-1.1753142837420236,0.0,-0.0258757074131755,1.4776589412282504,5.6655443715491325,-0.41856152143221803,8.587563847405194,0.5007726787526424,15517076953922.125,0.7427248125692121
1.741143918229858,-1.4194864035133985,0.4807492373807301,-0.39558281841600745,-0.4476717765984614,-0.3662746001066823,-0.4863045834615018,-0.42595126310495013,QSO,-1.1754838636388962,0.0,-1.419485801316174,0.48075261796113977,-0.16655829098985364,-0.6193766685029798,0.28901294919336745,-0.2227139499932276,357344567774476.94,0.6274545099921152
1.5553330966736878,-1.2329892624488685,-0.8283009052109024,0.1568724237502123,0.6293408653109516,0.7022622975428667,0.7725097553519286,0.7619752252689694,QSO,0.7146324356079434,0.0,-1.2329924441468918,-0.8282961249368858,-0.3664489103429085,-0.5600900648299512,-0.3094642268084151,-0.4383298593006755,1088945468317330.1,0.8310403130091035
0.9980787620516512,-0.07121412231627336,-1.0711925949340406,-0.27269151272004927,-0.7376384113570128,-1.0016255602112867,-1.0406239064742917,-1.2622874866688434,QSO,-1.0589394709729179,0.0,-0.07121722806129803,-1.071190251976544,0.723187441842066,1.1995645595948745,-0.3436700888809761,-0.18088273132035115,88322553772641.95,0.9894003257826847
-0.6207474092805289,1.1113979997068641,0.8134412437265259,-1.2464354569423501,-1.0236177078177287,-0.9848882279961136,-0.806021356493612,-0.5383482232927935,QSO,-0.4449884365388149,0.0,1.1113970964136923,0.8134377757073654,-0.15800167894139774,-0.4937027925759878,0.28479214784074725,0.12896923243775776,335830781572404.5,0.6375437975771426
-0.061923644213553716,0.49381015941744155,-0.2819929783511384,-1.5048642860110786,-1.6190338207474064,-1.479023663837182,-1.4491758430724122,-1.5745133780150864,QSO,0.9030770817737614,0.0,0.49380959218588966,-0.2819901009997225,-0.2145409658646363,-0.7107972654306199,-0.060641467273353775,-0.10073243743799015,397845016402457.0,0.762023110453518
1.6297791162918287,-1.0548755031075139,-1.2422687554199212,2.1871793323524638,0.6779194968026931,0.37260087548620036,0.5998984409392357,0.9027167146991346,QSO,1.7777902040568179,0.0,-1.054876069911101,-1.2422655452251468,-0.19090015682011116,-0.44258310789590233,-0.3036647243611129,-0.5713157211767573,403936513222263.7,0.9288331797287251
0.2557391080078965,0.113986881533281,0.31174848134212546,0.23886910637878936,0.6669433138945207,0.6322673229840019,0.7396628321887612,0.5598205891470912,QSO,-0.4278668171265047,0.0,0.11398039181520159,0.3117629217396654,-0.3027298737934835,-0.38744116605524503,-0.359646983462374,-0.4950154612543197,678624061883038.6,0.9455324187961639
-0.8374977503933081,-0.047835866851821215,0.9226431119691212,-0.6490850307565096,-0.22073677440239634,0.07144779469439387,-0.01967481425038277,-0.17400292032371892,QSO,0.6776440038754179,0.0,-0.04784056091720062,0.9226768448014955,-0.36818505948144736,-0.24644651186028682,-0.2460983598691877,0.23749265614780166,1070805044425550.2,0.7319053865246985
-0.6208692508216136,0.8788617479458548,1.4060338559423478,-0.7302371505173912,-0.5158262146561812,-0.41130076759044926,-0.15811946305138588,0.0353741198839421,QSO,-0.6685568117274491,0.0,0.8788618099063442,1.406035188693977,-0.12030079175383046,-0.5554827100344076,-0.16709103999778752,-0.5239949179643658,309691690836386.94,0.8717185605708795
0.05506309826707414,0.5951540040585797,0.47658488957418244,0.5474308909360962,0.5963154938021604,0.6218407881614366,0.5046112031804606,0.22552775500289532,QSO,-0.9139113353418112,0.0,0.5951524408453545,0.4765818079686753,-0.38865244221786344,-0.9027804549681241,-0.32989907087157283,-0.7895901991858626,1370345696821091.8,0.8312391891782308
0.3458340980192666,0.29908023482724483,-0.16706659167724397,-1.0711293943257927,-1.0971502114383167,-0.9547427378424475,-0.7786550304430497,-0.8468311832134469,QSO,-1.022445714888526,0.0,0.29908009770635086,-0.16706771080846433,0.12584074645836552,-0.48978774274604747,0.2240705867588866,-0.37057537323425216,176916119453870.97,0.8080155296232868
-1.0509860759519325,1.1382159041348188,0.9844428683006048,0.8650013460821602,0.2242959504068942,0.27986873814760066,0.27788128350032937,-0.008005728555837165,QSO,-1.0297683479313915,0.0,1.1382155796359126,0.9844406774485658,1.2978433596226964,-0.5046677981201388,1.0121861831821248,-0.1900199073458652,64006196775956.72,0.8505744771198104
0.16854590513046364,-1.2573303744826025,-1.0020345049928243,-0.32435060812744665,-0.0997258982022754,-0.04130511872016884,0.17132124566044513,0.57079500944348,QSO,-0.5917467198577904,0.0,-1.2573322194955834,-1.0020495962991087,-0.14844734400715323,0.5022651199675181,-0.19959113650806062,0.19299183157290298,343412454421321.5,0.8790110527302228
1.6221039935783168,-1.0897706075012987,-1.216917229146418,-1.384832640551356,-1.4478335340080721,-1.0952997441171886,-1.0933127907558355,-0.7608073539199884,QSO,-1.164574358837938,0.0,-1.0897694982308668,-1.2169107687582517,0.29358283682559866,-0.09374081959889037,1.336265554152926,0.8888770798892136,137094859270096.48,0.6271450161668513
-1.051166831841402,1.2002021497960444,0.5472150912501168,0.5148559529601437,1.0282771427344353,1.3636704486207119,1.455733089048298,0.83422652048186,QSO,0.7304328464138384,0.0,1.2002033854418852,0.547216918601608,-0.42759772334966006,-0.5770738782306329,-0.38152737277198695,-0.6854310554255435,2647963600718647.0,0.8929920117563978
-0.8693425616802133,-0.053849143085206226,0.9176737108392348,0.17135593608657487,-0.0334022909744667,0.2227788869524556,0.23477886172678766,0.06406387095678255,QSO,1.0593921524228689,0.0,-0.053844122578955655,0.91769197613777,-0.285429867513729,2.0334950342400533,-0.15429013353392299,0.3125400322834088,602861266903177.9,0.7608725387581169
-0.748550901587507,-0.1787847000270159,0.27968184545831976,-0.3997093229537837,-0.23849055220975768,-0.12887886514655483,-0.2514912412841848,0.08351439567082736,QSO,0.09178332491042851,0.0,-0.17878499425178346,0.2796795214582967,-0.2628417512359905,-0.6687031495194752,-0.1980173316131573,-0.4569224245731749,527962380760207.7,0.8178225587252801
-0.18422639569558938,-1.3475935842193874,-0.9625358984527462,0.2650431468311549,0.6291736259562963,0.6198103576959884,0.6232047259849763,0.5426866846115053,QSO,-0.6839689738220828,0.0,-1.3475958028032693,-0.9625434986626766,-0.2489376848005829,-0.4185371561298018,-0.20474440987042078,-0.46925915887478997,515264256575913.5,0.8332348190085986
-1.1466997683446258,0.014188663836859142,1.381630486978882,0.7626092110433469,1.133153822245961,1.250103533803333,1.3263341749465227,1.2358285267915696,QSO,0.018900481673207292,0.0,0.01418750938599051,1.3816274436692397,-0.28814507807320694,-0.5121614501210616,-0.22395447648752215,-0.25147137033257333,645133195322544.5,0.8185147313387289
0.2715729428537623,0.4690863323884278,0.3786444379270912,-0.9292428325528884,-1.0477793935297852,-1.014741043488095,-1.1060428064571857,-1.036203526821234,QSO,-1.2980367127625663,0.0,0.4690886924255255,0.37863316537938696,-0.02525680645732293,-0.01755134488574919,0.9749243476248135,3.598560088242297,235832859219711.72,0.525505938179892
0.0198330137242243,0.23773934027379848,0.5537244880673625,1.5107733766825653,1.5928067874806515,0.2132943986971925,-0.2881782483774191,-0.6508087769757294,QSO,-1.3903445680623612,0.0,0.23773893035653043,0.5537433601181191,0.07790969077762537,0.2896736440792671,-0.32611017438716683,-0.24409731150376618,205051978403943.1,0.9708654151456598
-1.1772160513220395,0.034327486731089485,1.5104455262168346,-0.02641253543220939,0.06665965553724418,0.1981393388717584,0.13893256640301602,0.5428320411717232,QSO,0.06676555703050294,0.0,0.03432750324915311,1.5104639534727113,-0.3978787821290176,-0.8051489875903729,-0.3011218876251032,-0.645675622514949,1505024533314354.8,0.7510600084303175
0.17628149867540424,-1.1516860960347184,-0.999019122578433,0.4361263951092297,0.8860972850634619,0.7888391209028832,0.9432880941416778,1.6197333718948508,QSO,-0.062489754954966004,0.0,-1.1516890272738338,-0.9990176489216498,-0.16731154403238202,-0.4205994931422845,-0.09530974885543837,-0.16844827766970838,380935357036438.9,0.8136463773441256
1.629960226300712,-1.091982096588119,-1.1881031479502124,-0.46229587651777193,-0.5674855711021001,-1.2142537019262276,-1.5276730241250156,-1.6715116276049338,QSO,-1.4225129549270805,0.0,-1.0919822206896652,-1.1881005646592202,-0.10252554637421807,-0.42701562061669096,-0.16037539390510167,-0.4067343672361757,281802455971926.06,0.8742840731152962
0.3034168026284299,0.23083213252416943,0.043994106513549375,-0.9572912098958396,-0.697817840806435,-0.5547204978998095,-0.41260063366289945,-0.2306738092383459,QSO,-0.07284305392192318,0.0,0.2308326451747493,0.043991632173358865,-0.32611849710728696,-0.6491816279264575,-0.11333319143230604,-0.15458071807103768,738197237273014.1,0.6644792081821181
-0.14609584437421444,-1.438079497035781,-0.9840573717662221,1.8346410111053073,0.5214626794869276,0.3842804237041105,0.14777667378372097,0.3965488328832794,QSO,1.8543986662404817,0.0,-1.438084272918381,-0.9840732605526563,-0.380913928311989,-0.418581013674151,-0.37743467517466156,-0.5761595409055046,1239488412590961.2,0.9374002096447456
-0.3836351003108319,0.4686265234933741,1.1144219739542762,-2.0940950551531055,-2.3809587164147663,-2.159995286832107,-1.9896195406195125,-1.8703139780568037,QSO,-1.1334944477227622,0.0,0.4686269826932838,1.1144242495037116,2.71365468828108,5.470988570968793,4.4765726157990615,8.332341159721606,30967804511987.375,0.7324932643668408
-1.580744960687535,-0.05274961486269132,-0.9558584531663539,-0.48747718517828253,-0.7356403411724464,-0.5631257483401071,-0.687583636617047,-0.5590251939836685,QSO,-1.1664831469115875,0.0,-0.052748483439298735,-0.9558712054644045,0.37904992589569453,2.4827337252007453,-0.32758472730778265,0.2815840099692232,127093457991620.7,0.9814089487933638
-0.11914793625917773,2.1993088646266865,-1.0279970062730508,1.0369217487817255,0.5189980995235846,0.263561271841779,-0.09962004604510964,-0.49557705544892267,QSO,1.2103426022514536,0.0,2.1993092054312227,-1.0280024231900018,-0.05774320568529002,0.47030626781044443,-0.2337320950644514,0.07453822097676241,272787181035401.3,0.9193230287331093
-0.14615739211476356,2.056391982028321,-0.9963757756554819,-1.4646438315486159,-2.625858746129341,-3.216834344097388,-3.5193843360166155,-3.6102955973501007,QSO,-1.8935369811078109,0.0,2.056392387470857,-0.9963767027098434,0.5205025264099191,-0.317745829081365,-0.3526428657501796,-0.6244261039950476,92947902361405.62,0.9890499662656639
-1.5273255493437397,0.6395578768761678,1.9926392047521342,0.6545644315479384,0.847649837635319,0.9528558305283986,1.1524581073540003,0.8419395029583763,QSO,-0.7681901399248419,0.0,0.6395638120426378,1.9926520914614423,-0.1837143480350135,-0.2136928552789707,-0.3561357095887688,-0.6401695290751717,405952979139523.2,0.9652232770776883
1.5554548275416504,-1.0476985668885017,-0.8229028703664916,-0.09957835018101914,0.03653016548538032,0.21047740507846333,-0.04873664275216641,0.025353602013977062,QSO,0.15989250757380444,0.0,-1.0477016298476394,-0.8229102391386313,-0.2504974668082324,-0.4362059649053619,-0.3083615772134425,-0.4770166744324184,507820429304567.4,0.9145036571324852
1.7396933861585904,1.975377553540325,-0.13072919580645737,1.08835118235668,1.2012114375194072,1.2528473587566402,1.2024158579573558,1.8234324214690316,QSO,-0.17408117050542998,0.0,1.9753792047434333,-0.13072820298516463,-0.3680284800185232,-0.7608516082353972,-0.36098045885304564,-0.6817897173108559,1136904427948428.0,0.9154269149943332
-0.47342639379603846,0.46262362750780783,1.1582863361525335,-0.35216191519174744,-0.12423966676623405,-0.15239344499639645,0.02191540263423153,-0.09493803635065337,QSO,-0.49836418238858043,0.0,0.4626240512497813,1.15828965431696,-0.24202328165888234,-0.5216979055954114,-0.3054462944126632,-0.5215182911010166,479734602360378.2,0.9151764827126248
1.6318926807499106,-1.1238253120036161,-1.2883962030254132,-0.3557920538335976,-0.3218901777550123,-0.07735897860662345,-0.10933481684671616,-0.15318967785763912,QSO,0.24083107206836168,0.0,-1.1238275643693236,-1.2883892864362076,-0.3689778692449784,-0.5769008019892321,-0.28317261554629825,-0.4673904430812028,1070372287688979.6,0.7856802155027023
-1.5810470343728833,-0.041731921963601065,-1.049317537630001,0.9215722413253686,0.9445430384798731,1.2764259611887232,1.3324746432833892,1.4564525308460226,QSO,0.15468340260767077,0.0,-0.041728304921120146,-1.0492923218789654,-0.35190917205471994,-0.4052367569976151,-0.3527594565074098,-0.5090035441627341,986555371517459.5,0.9136608925946113
-0.056727499793001644,0.10409825211699145,0.44701267910943715,0.5117518139990501,0.4385207616491524,0.7188258541776638,0.581339562756921,0.5247805733497664,QSO,0.20729779692682035,0.0,0.10409749108586526,0.4470252173645514,-0.38381593966923716,-0.7014752865632172,-0.3855848385166596,-0.7514837698678257,1302455183497297.2,0.9528534554115782
0.41858813752781115,1.2341454226969804,0.9347332894697824,0.21889593540240354,0.35972461939257067,-0.09169089094606407,-0.3467234897742705,-0.4998287348352721,QSO,-0.14762724751801878,0.0,1.2341445371273112,0.9347346831332208,-0.030913063877080874,-0.539514971041606,-0.06524779816798237,-0.3937014659510222,251397708743561.38,0.855473771820605
1.6545522662988343,-1.39962359677743,0.010065983628725813,-0.059654233566870225,-0.19514035106882366,-0.10172414419199056,-0.29457533330149777,-0.19324449498245316,QSO,0.5473974473571932,0.0,-1.399623354009842,0.010063310651670683,-0.32640035503249254,-0.15651781478873014,-0.4026706584750431,-0.7488535602050659,758198083695825.2,0.9941686746500902
-0.11908552549302409,-1.1130046842220644,-1.0069919219134709,0.37381395405493234,0.7665299485561575,0.7628368064287098,1.0424337455867518,1.1608063721495396,QSO,-0.5278621591866788,0.0,-1.113004808755942,-1.006999529982214,-0.3858141683724802,-0.6611129448455877,-0.3740030742500495,-0.7147908838678972,1335392580739263.8,0.9265925041876896
-0.32248340734624326,0.4926007943981854,-0.6255259585205455,1.914748539950881,1.090340547454182,1.4478784364377053,1.545063156032504,1.063789952989666,QSO,2.0212698826231406,0.0,0.49260060284898666,-0.6255331628236306,-0.43760708622619604,-0.8393447809948715,-0.36153488707904735,-0.7724600160614145,3414202655287290.0,0.7703485153563255
-0.33668172018488124,0.6321608874806819,0.9738699320112835,-0.03542120602096384,0.46558713088943043,0.49807599060093266,0.7115999754014803,0.9152718875878855,QSO,-0.7070106085018498,0.0,0.6321603615988027,0.9738542551679965,-0.4155545865657612,-0.5926086994857573,-0.3294213680592023,-0.5057740947717642,2000710543174288.0,0.7601582169636347
-1.051710419951664,0.7589095631478135,-1.1383703369904972,0.876491846150548,0.5824610335796552,0.8812419992470855,0.9656870562540594,0.7327131327402702,QSO,-0.9419183884054436,0.0,0.7589089807918861,-1.138367984431317,-0.012172485585583223,-0.2519509227559756,-0.036543688393681606,-0.03509546796506761,253857482055728.66,0.8501375371597034
1.631953306483371,-1.0814765809707787,-1.2586624497850665,-0.20291135788822903,0.13119644229162836,0.044988176061336996,0.24817791353051333,0.3684859319763739,QSO,-0.31640387119488356,0.0,-1.081476816616664,-1.2586593249971316,-0.32856065460228134,0.11457970785565222,-0.16039121417325453,0.6881863837149218,775656898986723.4,0.7062926518766014
1.6298998808949794,-1.074646419943508,-1.2055815580531384,1.7422206446622732,1.2875597569493729,1.2381861874228022,1.4283850927539645,1.049826638423814,QSO,1.877547539244188,0.0,-1.0746456495023333,-1.205583500091892,-0.42568174470371123,-0.7217305754330685,-0.3861106386971982,-0.7142664136160015,2524441786109825.5,0.9148936161420983
0.3034155855698525,-0.03473548409055913,-0.22660903610150565,-0.0024017612725382395,-0.08486800185183828,0.08574312270112512,0.27965926985458667,0.31042507095467226,QSO,1.3723022222589834,0.0,-0.03473974838687262,-0.226640964371428,-0.43369634590725675,-0.756861500884878,-0.3908799703181857,-0.802861687431121,2864307219999218.0,0.9207311301448126
0.5448193520853573,2.27542880981634,-0.6062881199008847,-0.006098575930259186,-0.020040746744630078,0.06270413917652161,0.1270548843663321,-0.10743870052931848,QSO,-0.7417667791835975,0.0,2.2754279383706955,-0.6062895502596594,-0.10817409721397832,-0.7781094280454549,-0.15963812321861423,-0.6749070900888486,307201490600853.6,0.8721040390241422
-0.7958043785826452,-0.09370193508536391,0.9569297869310542,0.3833189905396156,0.44381080649904114,0.9247865012560675,0.837626214357035,0.8944132211967364,QSO,1.189517000881137,0.0,-0.09370387941350063,0.956927796118445,-0.43374095658108397,-0.4426464989793073,-0.35125060709306116,-0.44277521420945387,2996425304957541.5,0.7491864864767492
-1.5271470579168187,-0.28618037995120643,0.6759574905267214,-0.31747557004655363,0.1971767687388291,0.18404522469493848,0.2651787624333223,0.44584287636688913,QSO,-0.22267784653424116,0.0,-0.2861769716530603,0.6759499192205835,-0.2497343292391853,0.7137985635711858,-0.1411086168231107,0.6168324154324559,505371925737359.44,0.785671104446891
-0.8374976028675638,-0.01167715954024712,1.0036074597669824,-0.3163198524381293,-0.8783747293351727,-0.8114510526975732,-0.8075335613825426,-0.836038458617329,QSO,1.5911130293839217,0.0,-0.011678174529598937,1.0036027089865476,-0.22280802271535272,-0.6167785426200761,-0.14612558183125454,-0.3478336127182871,427036004242459.4,0.8098226599423854
-1.5296812994112448,0.9716573210258987,1.4861458620481223,1.6615871161359406,1.109405833884894,0.2895087098168851,-0.4929949444852503,-0.7596263318682244,QSO,-1.1034574394502348,0.0,0.97165560513766,1.4861429566514754,-0.21019179281129913,-0.07438023289318811,-0.3487541225879753,-0.2632552649211095,431703559590028.94,0.956351383107713
-1.0546110859187576,1.15979272107072,0.5955081299358093,-0.21736523643976127,0.043554218380906576,-0.022116636213376614,0.15981015874835255,0.4042073066497163,QSO,-0.22261564019248567,0.0,1.1597942423919847,0.5955051703485209,-0.3092195773635719,-0.6043694179908511,-0.2552957556770594,-0.6017323693707549,681515259198435.4,0.8292323325487088
-0.3340854736200985,0.1529681685827088,0.8802891008877273,0.8594153776414357,1.0266223533304768,1.3541585221159134,1.3612523605636173,1.3227154106613166,QSO,1.4750995543217091,0.0,0.15296747056677226,0.8803105472935874,-0.4286129861509145,-0.7041119633101981,-0.3349667473451132,-0.6372605441193451,2707433962342956.0,0.7184340119624918
-1.1771552707153612,0.14848382370139773,1.7072872869032227,-0.1992367685691308,-0.036984733992609944,-0.09721512518539104,0.06252497756056852,0.11108671818700275,QSO,-0.6151187243047503,0.0,0.14847829960458409,1.7072881322974125,-0.269855036872734,-0.5732412574576804,-0.011913124454128525,0.05074047449199505,547139280562332.75,0.6721796807607223
1.6220434932705527,-1.1052675993762364,-1.239229719658292,0.5653222885280763,1.1987644616986586,1.1275643113886387,1.611233576020803,1.1420553758815388,QSO,1.6456558202974914,0.0,-1.1052642470100134,-1.2392260868170442,-0.4483340429247095,-0.7778734562861219,-0.3527877078110857,-0.6484231662680836,4829165540825006.0,0.6361264849071423
-0.39215529474579,0.16642599758601162,0.9932312510965833,-1.351627984647733,-1.821384637809128,-1.7248155031544299,-1.6502899284218955,-1.673582958588026,QSO,1.1713879091947437,0.0,0.1664258947614092,0.9932253335787345,0.018910720405122292,-0.568633407096664,0.010198575652104896,-0.41541638120849655,205978039693294.62,0.8425415709463489
-0.93925498242966,-1.4028522984421121,-0.27490885421899663,-0.026019887783191965,-0.11727722836979215,0.03775362426778498,0.11832992040111727,0.05955781759005324,QSO,1.2217858645109096,0.0,-1.4028575258453764,-0.27490970324091424,-0.41171801277183595,-0.580666645314715,-0.4038059041736132,-0.6784649456965276,1829935874271192.0,0.9897844047787066
-1.4730643634788845,0.10219795285504367,-0.9014851793903143,0.2600572625332654,0.04997973042819326,-0.19684340923997126,-0.3494087990618836,-0.603449792700007,QSO,1.7733032335797585,0.0,0.10219797911162012,-0.9014967173712541,-0.4035377666356588,-0.7688649845259953,-0.3259149499686323,-0.6611323930541537,1593660192283624.0,0.789330663866824
-0.8117546185882886,0.3792617153711862,1.3844271049404009,1.247269761961451,1.0326253659554765,1.2745235758877642,1.2454907850965544,0.41956059332264295,QSO,-0.753969094043648,0.0,0.37926275975489077,1.3844413618830973,-0.30805426428522475,-0.586416319822353,-0.19255211027716101,-0.3365182207084086,723959121108204.0,0.7682647157362998
0.5547889501060794,-1.112127098123342,-1.2331011209706804,-0.2798406633106332,0.09764294650497923,0.15965262086003934,0.35555362552260633,0.3267322600540227,QSO,-0.3792850165272437,0.0,-1.1121261727966014,-1.233111566188209,-0.37923161354386886,-0.41058518866071714,-0.3823530435371439,-0.6500942129945142,1202804401446222.5,0.9484859253153902
-0.7861957392057618,0.40188660946738725,1.3762856316258234,-0.9853692210236238,-0.8196385075659406,-0.5778143579234771,-0.6951354961835794,-0.6524167839231311,QSO,0.6205805038089734,0.0,0.4018859218761027,1.3763102161445921,0.3222348588210891,3.097588414933624,-0.13118921631013705,0.32147009665108595,136064223122370.75,0.9324799133943854
-0.2946244097391569,0.4435369522454414,0.7911544405623878,-0.18674612826268308,0.11089886587924179,0.23600412322739536,0.41066203762643644,0.24632282789894866,QSO,-0.7191946671529067,0.0,0.4435353664144155,0.791153629334676,0.15321265711742715,0.9043284557380871,-0.02757096348886253,0.2887422024203573,180606473180339.6,0.8849302995108839
-0.816530285161065,-1.0586710225026856,-0.9623562738966188,-0.5378990700689696,-0.5705927022701724,-0.7152891341673396,-0.7096618279954157,-0.6693962471134858,QSO,-0.30636701318381276,0.0,-1.0586720066953212,-0.9623665170510394,-0.11221941880523245,-0.09521322721304083,-0.3720238836444598,-0.6641461011348769,297688447982167.2,0.9806897527906887
-1.529620607320013,1.0399776065943513,1.317553195551722,0.4677011928471249,1.0259005834840715,0.8799981319349213,0.9822754856417084,1.1108854784999918,QSO,-0.4322266702964981,0.0,1.0399779745091504,1.3175544988253343,-0.07230879080035492,-0.6238114426225955,-0.09265023475489106,-0.6227668761403958,291951668940063.6,0.8534836622856113
-1.0655484749801898,1.1448272847851935,0.7687128476427443,-0.08353906414100466,-0.18472750072370145,0.021345551047009293,0.05515641555633344,0.12627647872968492,QSO,0.958651686573406,0.0,1.1448303630950643,0.7687069218301621,-0.27813748826851825,-0.065726173040411,-0.1505437785589149,-0.029827211080837666,574069542562651.2,0.7657656201529732
-0.08277117101562809,0.12426715274430845,-0.40808878483284866,-1.536231647255151,-1.7345169961726017,-1.6398666826000423,-1.4760472657047818,-1.4404673751399177,QSO,-0.911617273642811,0.0,0.12426828751062359,-0.4080785773700594,-0.39307909059958324,-0.7212717850479952,-0.3879110732637566,-0.6968055001051735,1276080929398194.2,0.9531100759651249
1.7146766563662499,-1.2930458567420895,0.28150355080916484,0.10210178093551373,-0.06713182818706843,-0.15317086206649994,-0.3214834154463249,-0.15615131777206256,QSO,0.15378276296399337,0.0,-1.2930473278374768,0.28150902410158807,-0.41885986705930184,-0.8185122409433689,-0.37683672966359844,-0.8137723091382915,2050727421847729.8,0.8937007713178557
-0.298070699642971,0.3044344542289512,0.8467209802824129,-0.18367162308642238,0.11559036988089098,-0.342403323012908,-0.11342235248588416,-0.5094767765196789,QSO,-1.570489265463864,0.0,0.3044350937077666,0.8467133181472888,0.08451918140637364,0.14882039123256857,0.21196440947211156,0.8863887383769409,196631409756981.94,0.7987730330025656
-1.2634452103702967,0.23135222542366926,1.6995957565037294,-1.0722406612569715,-1.1790006724351838,-1.2937971873226002,-1.2393642883920604,-1.275832901124071,QSO,-0.6510875129571968,0.0,0.23135848357516975,1.6996049769084711,-0.37162330174860764,-0.6671366257626017,-0.37182887574419377,-0.6720351250911862,1026161100451650.0,0.9325072978060518
-1.0544292751914022,1.2415666386399422,0.2143504390688224,-0.6277561141240844,-0.5280522916886199,-0.29074624522531645,-0.17858463588156248,-0.19119133356938744,QSO,0.6303725933883538,0.0,1.2415655365214522,0.21435076288629334,-0.36598630147138017,-0.7786486652256246,-0.2424436123301334,-0.48998103876799787,1028415883185338.2,0.7315145629616709
0.16437903310458568,-0.8743231156719908,-0.9401467978619462,-0.2827077319930738,0.13704981970456742,-0.10620572494906133,-0.13769094973367005,-0.0014555985610553704,QSO,-0.11700009038588063,0.0,-0.8743206174253532,-0.940173662621402,-0.38460984771349255,-0.589920834955141,-0.40570243577263904,-0.851129053036649,1258011761546483.8,0.9972204587167935
-0.7469174744458492,0.44360647843988427,1.3041179766152837,-1.0535713768131694,-1.051634700758158,-0.8964730419173828,-0.7943727964098004,-0.8225384680871706,QSO,0.8318967990641529,0.0,0.44361127300414155,1.304114737717975,-0.3190705970128002,-0.663902730675125,-0.3152675399772432,-0.657188662747413,691017113803921.2,0.8867116950095832
1.6220434416653557,-1.1148853109676804,-1.2374346138175274,0.4379933235536104,0.5700149047647741,0.783680729990663,0.7325967111623102,0.8173288203566275,QSO,0.15455493298882797,0.0,-1.114885464580427,-1.237428918102112,-0.0361924062441979,-0.16130068235591616,-0.11642299373132928,-0.1975301229126948,266479453490254.16,0.8743685515422244
-0.1189050351498943,-1.2791261861044498,-0.9528822356536976,-0.9917182594237577,-0.7675654537690321,-0.6153590293678972,-0.73332554328763,-0.5786029056879048,QSO,0.5086496580024089,0.0,-1.2791263108872997,-0.9528872235383946,-0.0679727785007819,-0.35215715216944055,0.05147127644888382,-0.19887042883046005,266639064928603.38,0.7952265599420755
-0.7860749377211749,0.3821048191986272,1.4109397793298455,0.36429410067783397,0.9474477220080978,1.0957725262629887,1.472074066726849,0.5800524053723054,QSO,0.04743561248587279,0.0,0.3820978930042145,1.4109443623339892,-0.16444359799251496,0.7737185412156686,-0.20694642953032563,0.5411786290362014,383371310629096.6,0.8773586166386169
0.1684855670722047,-1.2386979921630341,-1.0203184455233343,-0.6874015145435536,-0.5651442201369257,-0.3025538386077127,-0.3514434020033532,0.10153860913774464,QSO,0.39507845800998737,0.0,-1.2386992309689289,-1.0203047289309215,0.06351554914511791,1.8443839460219869,-0.118159828221694,1.2770366774498942,204777519827964.5,0.8971010322934903
-0.811754397299672,0.4564320573009457,1.3934453432912084,1.5355249954630206,1.1975057655030952,1.047645836581982,1.1388482633536376,1.0003872383799863,QSO,1.8513424416237994,0.0,0.45643696903193515,1.393445969253728,-0.4117383449264313,-0.583356946375573,-0.29178433809856635,-0.20507660803313113,1929802119263886.5,0.6809612577784487
0.1762813289919846,-1.187465913396595,-1.0054802322681666,-0.46985249164978843,0.2514327362175571,-0.5962711537760558,-0.9675156737531466,-1.195023738428399,QSO,-1.497213305192984,0.0,-1.1874665554081716,-1.005479711110558,0.3461344153582905,0.28070275270083334,0.7449948336287207,1.0817245476297674,131958264998787.81,0.7517638996675416
-1.8163456840566587,0.6861891812374192,-1.0103899314167972,-0.6983215642539369,-1.128696834969102,-1.2593713302417746,-1.6491443186575527,-1.7422911876456275,QSO,-1.4500411543903735,0.0,0.686188627223554,-1.010392778035858,3.05612170063085,2.075853327845362,-0.2605210401286176,-0.17674758531776535,29495622352103.69,0.9916754684492414
0.06757120127623455,0.7960619641574977,0.1987668390308552,0.23229781459242022,0.2621008466303109,0.32270899175190115,0.42917509141817606,0.5186937673906782,QSO,1.4572044125727872,0.0,0.7960633591252437,0.19873680530758497,-0.3857773573532884,-0.20647221855647804,-0.29106669840175764,-0.16015605717580444,1304466425120077.2,0.763602325145159
-0.32338907529600114,0.39747931864221664,0.9698904423985951,-0.6563527164864175,-0.5024910766402396,-0.3104743466395915,-0.4290057654882544,-0.3941272612024286,QSO,0.6561260188751271,0.0,0.39747964202016917,0.9698862711338995,0.16856878097486436,0.891335224604836,0.12962243112218938,1.1416206721038786,171164743263897.3,0.8445479357268443
0.779093501832289,0.5348520501928686,-0.8852092055937993,1.41647867334894,-1.3825485711933876,-1.5557684477811802,-1.501644770279201,-1.3709687697861368,QSO,2.4032952550849367,0.0,0.5348529390093978,-0.8852188328984193,-0.3965134842304766,-0.5379045897403832,-0.2668593093138322,-0.13569678738456434,1340103619699211.5,0.6879930821233412
0.0660591804170883,0.5905372293753347,0.3403978294367004,-0.09873378731332366,-1.4587657065597548,-1.4585181453528004,-1.3084033152302696,-1.1621095623242488,QSO,2.08894767782956,0.0,0.5905385257144217,0.34039803037193767,-0.3000844319823905,-0.8571471962867743,-0.12615370579056734,-0.6324072817999175,595539094818553.0,0.7186167902237786
0.33103418997649603,0.7854756055829251,-0.10165911708135987,0.6722113504150579,0.504897181304745,0.5633698784064639,0.7827285944498453,0.7589045679343809,QSO,1.6554763084241957,0.0,0.7854774765387357,-0.10164358115471218,-0.33422403223181973,-0.09703178730999293,-0.36651765663531694,-0.4495129716627447,829805540201896.5,0.9429490044084164
-0.29800800857790305,0.9046318672472392,0.5306770848465908,0.20858337828106271,-0.2374783140105285,-0.546662798620264,-0.8333876825441774,-0.9332456582624901,QSO,0.30006908947269356,0.0,0.9046317298482291,0.5306767270059781,0.11886863704131988,-0.24169775571648355,0.14078354947054805,0.1771397854330982,183143427938670.2,0.8293986887296397
-0.8746008512917655,-1.1963061837360036,-0.9847751666551162,2.045515023965792,1.8681971921702927,1.4547745831536827,0.5447533693229482,0.23204154585762424,QSO,-1.1027443654500682,0.0,-1.1963049399610415,-0.9847746551610399,0.025979478525907145,0.3477213753672366,-0.3404734073907931,-0.37086361196257034,241348615620583.16,0.9735142810518373
0.16854595676447415,-1.2459958911404236,-0.9997021785414649,-0.010854798395705906,0.05116801005337508,0.28487164564579626,0.18436286721769712,0.0651540451584112,QSO,-1.3969112588217198,0.0,-1.2459957757045643,-0.9997041562371956,0.051020763028274387,-0.21335644891713557,0.21181720014480301,0.37680676303455507,216397362429499.97,0.7873197475373769
-0.11902617591487966,-1.3401308419237716,-0.9944624056575968,-1.8479197961121743,-1.890040793930817,-1.9227733274523555,-1.7340294197561172,-1.59156551948555,QSO,-0.5530327382974386,0.0,-1.3401310807266829,-0.9944552201223619,0.19567144532212247,2.971381104072207,0.6322876404437289,2.8637022457253076,149738170276085.25,0.7291852562452167
0.1684854343278484,-1.267257222927415,-1.0164215607050011,0.36479046657376013,0.6867743805281306,0.8028234820815685,0.7751309104927411,1.386190803551102,QSO,0.2122432010963819,0.0,-1.267255171832202,-1.0164231202196474,-0.19327143797853255,-0.16012082355925158,-0.14236941136140707,0.15366479628628849,416606111050643.6,0.825928613092649
1.5801694909384891,-1.3948313454275558,-1.090769647237945,-0.17624095153993996,0.3977759736123186,0.363189555896356,0.42846939580334303,0.5932889371370705,QSO,-0.14359194917457552,0.0,-1.3948308515739603,-1.0907649269648867,-0.0638137197023154,-0.7780021794177007,0.1855980965204466,-0.3459192056249839,278298661206785.97,0.7452887054561895
1.5811953702122292,-1.0387557329231545,-1.0639688451480749,-0.25389628469071307,-0.29467417330267354,-0.07902356574496504,0.10199810760068055,-0.03732232979461578,QSO,-0.9177720502348058,0.0,-1.0387561433528305,-1.0639663859086483,0.642566190706753,-0.13962910866171724,0.7254777498806848,-0.09169206360037813,99675056161455.62,0.8144144120411058
-0.3887708771679762,0.7663274376179622,1.4649906476151886,-1.424727123380672,-1.4193324271462748,-1.3120710615116256,-1.4082088378996014,-1.189718223980477,QSO,-0.0026959374101664033,0.0,0.7663309920726884,1.4649819585554984,-0.36531381859940737,-0.43753209811076943,-0.35808817895311346,-0.5005813786129771,964936519014971.6,0.9125053800276718
-1.1466403671036571,-0.2086059602379951,0.7265901004433738,-0.04513367899946715,0.06462637706748535,-0.012641294041287596,0.04468095987120441,0.20205267052784134,QSO,-0.5673496630836424,0.0,-0.2086082361326335,0.7265948024810093,0.0566253454092072,0.8682448469618024,-0.22369707956991094,-0.3791007194106489,210731435908911.28,0.9326207759516263
-0.11902557103051414,-1.2130368737701838,-0.9947409295388095,0.0710900251094181,0.7319730166415734,0.6461602233309138,0.925343262793049,0.667002882737148,QSO,-0.25557959207578657,0.0,-1.2130366496967113,-0.9947311748433786,-0.30057726218876485,0.5048344617558724,0.018678886049935336,1.409263463427044,670629195651690.1,0.601416902111186
-1.0956394412077854,0.24532004531574014,1.6171484080937737,-0.23012998925590256,0.024339296738130883,0.3078466065881551,0.18912860383735175,0.2426889138935242,QSO,0.6511954901351158,0.0,0.2453145550712751,1.6171480707481736,-0.38685200642709744,-0.8673399249871372,-0.2111312253383468,-0.5386886312915701,1319727810147394.5,0.6268662687951719
1.629839432221226,-1.079029122402689,-1.2213437212505964,-0.20411152617390405,-0.24571705274513164,-0.21016010634668772,-0.2953360181850203,-0.2516778321897098,QSO,-1.2027796007076723,0.0,-1.0790284244192276,-1.2213424410910951,-0.2896625669655068,-0.7244428052661012,-0.10497778031939632,-0.4032922615314726,602593882166504.0,0.7151801896244894
0.5263886141563328,2.149230952955827,-0.6488351412134142,0.9470572962804005,0.896853416189192,1.0439874033109047,1.1282719940092472,0.6589355936451,QSO,1.266583896757304,0.0,2.149232230077136,-0.6488284798702615,-0.3267486775564463,-0.4560444006182817,-0.3835004546754943,-0.5948158488762393,807110365235598.9,0.9682130648989407
-0.3342038039908401,0.859231884924069,0.7211558068283964,-0.13414616018688647,0.5854537378208562,0.2751036288120225,0.5781868446854584,0.6021011786002286,QSO,-0.17336444526346434,0.0,0.8592343198160322,0.7211491161798795,0.27185891855847133,-0.1498530373383098,0.09837497651567546,0.011318888231150646,152148115183459.4,0.8720277972161254
0.27139183287369256,0.5099709836613817,0.32095063984567307,-0.6402689797691575,-0.568673850727285,-0.593536474905926,-0.4141403331861732,-0.2921959733502143,QSO,-0.5428146705082104,0.0,0.5099716091633132,0.32094633779968473,-0.38568889921766264,-0.7651737444527411,-0.33945310979752275,-0.6907914661583339,1240000787914201.8,0.8553206029877243
1.717093651746528,-1.2432069667283396,-0.8319058485058561,0.25153754939422684,0.7225371962104911,0.6662175837395894,0.6747480005021774,0.54926406896133,QSO,-0.7301294601841002,0.0,-1.243206281281605,-0.8319030284852008,-0.29527100263643846,-0.5427912782741361,-0.09980921788036871,-0.12123065508395667,651269362773505.2,0.7032367265327231
-0.3835735156600331,0.8046507829731295,0.9112798980979526,-0.303747719223393,-0.4027195984813528,-0.14229616916822532,0.027725935358967335,0.35688466151405007,QSO,1.0254829346072398,0.0,0.8046485263904335,0.9112768528084259,-0.38555044138668954,-0.6246188426692734,-0.25501601407413743,-0.4049247249569112,1269081634118330.0,0.7016991002459746
-0.11908625568783146,-1.266670468501973,-1.0084482333936216,0.8059708466979436,0.3385996482782049,-0.5947711961349161,-0.9771479606517205,-1.4137490224150207,QSO,-1.5119476886248384,0.0,-1.2666705420757405,-1.0084460520759362,0.8802543924884332,1.2857536370138878,-0.4069214320907101,-0.42034999934927697,79876442873434.66,1.0
1.6222248024103774,-1.0988836871734071,-1.1775626508590111,0.5956598757492559,0.9976195284047135,0.8778396563049836,1.1145063470809333,1.3228335128664916,QSO,-0.30229925935771473,0.0,-1.0988847284706067,-1.1775663077711935,-0.02561890402764944,-0.21764201653229376,-0.029204192544287477,-0.14934389479993354,261444115633214.47,0.8431660610442258
-0.74703837182217,0.4299356416489982,1.2729561713105277,-1.6013000302987728,-1.612432267274167,-1.3355764952782898,-1.0326596273925994,-0.9807227447433843,QSO,-0.9560485589352035,0.0,0.4299358064609953,1.272951600293485,-0.17124370547917725,-0.7597770571017182,0.12644756889965225,-0.3900254841592689,343590556737176.44,0.6975537884425375
-0.6206875654911408,0.999023923347424,1.2218475567225078,1.5598024736861724,-0.4027548067665421,-1.1549230603525522,-1.4484059933107754,-1.5745133780150864,QSO,-1.8089868922114607,0.0,0.9990239794050436,1.2218452269784645,0.8900449508530419,1.4403120833898646,-0.10720324169050578,0.552132534495133,76833722377033.36,0.956648002423269
-1.0932227555451295,1.2005728533970945,0.5296154342158909,-0.17252191154359364,0.3587651936211254,0.08597177478056521,0.1867457355275228,0.38047784819428243,QSO,-0.11508656922101072,0.0,1.2005748855936995,0.5295855835520659,-0.22711654076696292,0.8664213312101215,-0.2531444648040126,-0.07970651863161703,456460536441704.06,0.8813850444960523
-0.1189044523367632,-1.156397647476287,-0.9520176017653055,2.2485805345231946,2.4507446768627994,1.1622645509647944,0.8472859958899552,0.8719738022132284,QSO,-1.4973097250227048,0.0,-1.15639566482995,-0.952024323281332,-0.12211001379039091,1.9276382847106475,-0.4069214320907101,-0.7186424603260775,338238971266196.2,1.0
-0.3366824504373158,0.4207320262220156,1.0173546189155578,0.46807902360372455,0.5643727770629801,0.9267254708897392,0.8159604424938296,0.6684019396292359,QSO,0.20714498569598616,0.0,0.420732867482565,1.0173432998791752,-0.4552425055776618,-0.8761587397110832,-0.3937986957594344,-0.8489618846749348,6654631459086095.0,0.8603671436284562
-0.811876858448883,-0.01651860515710437,0.8691146819328452,0.33109685322042126,0.2746702044433576,0.38572550484618606,0.5466779937270387,0.6208430900832163,QSO,1.60433863856585,0.0,-0.016516259125708182,0.8691113704964031,-0.31707786902064244,-0.6033065539429072,-0.2933488702377567,-0.4408230367534292,731621283795117.8,0.8631459641005684
-0.11902698727766005,2.219608964037851,-0.9903120408028425,-0.03586571279343694,0.24425904810997015,0.14269578264860025,0.19857759317363158,0.4401012922383164,QSO,-0.18915538988691816,0.0,2.219608179345937,-0.990319465840472,-0.2296493436515679,-0.3300759936119123,-0.16316962278540906,-0.11851385707310365,462615230999492.8,0.816570190403081
1.6220435892199139,-1.083799760137189,-1.2369127390727364,1.2462325794923532,2.161112520813558,1.3077147117396029,1.5160746465556354,1.484279227342578,QSO,-0.3467794983364451,0.0,-1.0837956204863248,-1.2369119350508018,-0.4345156889231168,-0.7523482415834962,-0.3807771716145038,-0.6341429050074248,3116965155541300.0,0.8714340706649882
-1.0954597769223833,-0.18691003843478765,0.768936281240496,1.118155361450893,1.0409257191891608,0.8056770600330103,0.6470242442051416,0.31714781186471175,QSO,-0.7978660809528318,0.0,-0.1869075281456703,0.7689325648446802,-0.2742245374269347,-0.26511966666086906,-0.21635541276401116,0.01578396210413129,586480688799679.9,0.823721012624757
0.9977776472836414,-0.19534771827775274,0.958925430712789,0.3601009201241869,0.5746623984099367,0.8414656835073122,0.8490364876098663,0.7739308023468218,QSO,0.1706244538384038,0.0,-0.19535114776201834,0.9589059009979094,-0.35744728052944075,-0.22010415099001662,-0.36019148649094695,-0.46089840143131194,1011256766844922.1,0.9216093875386607
1.5506798101397765,1.9941807978412363,-0.8926588025820985,-1.1657056186153163,-1.0568543290376649,-1.006619321626305,-1.0066771979373568,-0.7757790796223468,QSO,-0.08987677306870938,0.0,1.99417772785347,-0.8926526009403338,-0.18752454447662778,0.9480470765664315,-0.17826740123224968,0.32969144560345953,370121052725864.0,0.8505882483170971
-0.8746009103020632,-1.2080386671719974,-0.9795602238785681,-0.18708691678824482,0.10179752415747009,0.1360099958457084,0.21390126938144785,-0.05988893576831525,QSO,-0.8672783512448076,0.0,-1.2080369957068842,-0.9795491843930051,-0.3427850280957091,0.3439136154621732,-0.21521459821557484,0.26055809116285006,864684254687882.4,0.7414154622973804
-1.3441131208807462,-1.1095699096266431,-1.4276755592838484,-0.6658947952021412,-0.7527603698463788,-0.7821561482794325,-1.0493946948300816,-1.3155879203434357,QSO,-1.4722128469038076,0.0,-1.109567516787956,-1.4276832424336456,0.2456572911634076,0.7112535044910022,0.5629227162732945,4.190481537695774,148857226559555.62,0.7605753202167255
-1.5009825041857003,0.6376375652104966,-0.9391985466737982,-1.308881250028389,-1.1183544011943585,-1.1147168787034274,-0.9822711275178521,-0.6717128672919446,QSO,-0.34882554605549,0.0,0.6376345941580495,-0.9391918143703646,-0.21926210239989127,-0.3674467511097385,-0.10736901962452221,-0.17252747684362726,413881240153802.8,0.787295867367909
-1.0544902107289258,1.1719132651387434,0.5984576515665184,-0.4802243163407899,-0.381673846008666,-0.2829720745242784,-0.40638684630111804,-0.271991411480043,QSO,0.16999157192663067,0.0,1.1719116005010382,0.5984627782879747,-0.08199499388122666,-0.0908448175696674,-0.21236201910535765,-0.3163562259932905,281313166909298.06,0.9044887153920506
-0.11902711999320273,2.191372239918429,-0.9945724877756211,1.0138666641828686,1.2320450932750815,1.5144985063040002,1.5835006548456527,1.387880573563626,QSO,0.9225206205076845,0.0,2.1913697171297364,-0.9945736509516065,0.4461830239214175,2.4923288638865078,-0.24216658442284344,0.25177760743694405,131389622177006.28,0.9645180372779703
-1.477355466876465,1.1363129585718044,1.1495927357703195,1.0000202782203815,1.2684944705186578,1.2539265965716058,1.3312098901035563,2.0335271596927633,QSO,-1.2565592820853155,0.0,1.1363144528259972,1.149581246425313,-0.27742708678916544,-0.5948411806439264,-0.22509092602766517,-0.4039931393880657,609869672060178.8,0.8285889953396006
1.581557575448608,-1.1439845127354817,0.4694377525451257,0.06779326654691953,0.21530023354069347,0.2916946236963516,0.3693925914758383,-0.050268148438948126,QSO,-0.9018342445523382,0.0,-1.1439853099688515,0.46944676543080555,-0.3607201477804186,-0.155513468763708,-0.35079417503538957,-0.5587245997301904,1011320719308022.2,0.9039858649204714
0.27543728386448446,0.17599552728512846,0.34169962388714775,-0.015181330981094674,0.4072558043998906,0.834843919286665,0.9435172160945438,1.1179352716705202,QSO,0.7016529471694826,0.0,0.17599381993610627,0.3417296669886831,-0.29752305518402594,2.2992783605360847,-0.2968105758624231,0.039211675763826045,665411763278145.5,0.8809864125429885
-0.3229053826091378,0.5383551132233587,-0.6195147005758649,0.5974897619625962,0.5743895341997073,0.8222680549173393,1.0801013946382634,1.1242037733298793,QSO,1.1579756809875492,0.0,0.5383560268612634,-0.6195198410580651,-0.3560858312671667,0.0552350817251747,-0.18941214502568812,0.47507699238569223,998478867747951.2,0.6839734944580576
-1.5297424267610495,0.730278402544537,1.8282113718344748,-1.6882011043169534,-1.7691619488001589,-1.767353936013865,-1.5942008743597913,-1.8692328886401883,QSO,-1.5704144826225799,0.0,0.7302755608853053,1.828215796991604,-0.21799074007940186,0.6236358770021877,0.6924039203755892,1.846743317143256,396434250187536.5,0.39414469082474896
-0.3365600926137531,0.8437251893476339,0.7850840413645002,-1.8099070586196542,-1.7747952744306557,-1.8629670895534385,-1.7264042411646698,-1.4908334232551297,QSO,-0.30667939720436765,0.0,0.8437266126576071,0.7850867327565365,0.5674665738352963,0.2988103847026223,1.3366964197334512,1.535158669262156,96569490896382.58,0.7110666565570036
-1.3440522370348602,-1.0135389324977682,-1.3723222953060208,-0.15009654487240737,-0.3821139495735476,-0.2836031542635379,-0.17596348074075324,-0.4836578175111232,QSO,0.9357002510891845,0.0,-1.0135348775009638,-1.3723396427281673,-0.30515389104159923,-0.17367957749129592,-0.20995334286234066,0.057473437693947034,655626695047174.2,0.7883780202490386
0.7796966165804021,0.9002777884850988,1.645056075446567,-1.4859134806113754,-1.6190866331751903,-1.4293970165150358,-1.2195864814204882,-1.1224090518149634,QSO,-1.0710632165187075,0.0,0.9002806932555312,1.6450594106094476,0.537754171107949,0.7251293377314397,0.7668022302996517,1.1316196136762517,101985830919115.19,0.790491395149792
-0.7474628992804421,-0.043606471114589054,0.7438706770696073,-1.4406997334048157,-1.4305198597655893,-1.1945438926783074,-1.1809840148012742,-1.0502304348821816,QSO,0.2513818085548037,0.0,-0.043606629386826745,0.7438823175362965,-0.2767139489154657,-0.21891941913286878,-0.15980607210913633,-0.06615396219047771,532665194076704.3,0.7747287846842977
-0.11908619673516095,-1.2544175580234043,-1.0077976854900408,0.5202715271380886,0.5986744489099294,-0.13849139856630724,-0.43005972647144675,-0.6309585217210867,QSO,-1.4918735669091636,0.0,-1.2544179390830794,-1.0078059547793115,0.11542379578234996,-0.07393653660647603,0.19599194341103235,0.5223261319628539,188383832770683.88,0.8128148500721727
1.7141328395622706,-1.3419954143160062,0.1652390858149183,-0.6145468545354726,-0.14551427309266055,-0.24831756536400942,-0.03445776264942807,-0.012766155902946387,QSO,-0.2802714528173845,0.0,-1.3419924464480968,0.16523309248475798,-0.14278561379870125,0.24315160937088143,0.11825576476425333,1.2905262832864979,333754389424572.25,0.7236856549258324
-0.735982054881918,0.22589808497459135,1.6117979229669048,-0.91771529025346,-0.8059952970545804,-0.537845974436973,-0.678537901917816,-0.698594746147086,QSO,0.7466862816651263,0.0,0.22589931167264937,1.6117968377720449,0.02845954532081773,0.11303412174000754,0.10710665596252163,0.23848485772922662,216277735706382.7,0.8127349443250028
-0.8165904019018937,-0.9927622591140205,-0.9857168580599125,-0.3942492980985908,-0.007550607573262418,0.04121084370895097,0.2128656381544843,0.4493768577371681,QSO,-0.19335702257896834,0.0,-0.9927625386651183,-0.9857166112417659,-0.2514853237824298,-0.8079587405787547,-0.2357737757292449,-0.7434490423599583,505493354735177.1,0.8554725105481572
-0.0828918248880298,0.1680494805301701,-0.4202835528254688,1.087595520843478,0.7534852788930368,-0.24044278774802058,-0.7852170831731937,-0.9870094159727729,QSO,-1.4336539755043112,0.0,0.16805277770686328,-0.4202725875110906,-0.019925826281235837,1.0920304861282855,-0.4069214320907101,-0.7081192870830821,243326434628386.53,1.0
-0.6439525376558274,0.7533607259832363,1.3796416721284281,-0.6335272937200062,-1.3104948155508056,-1.1368869843261475,-0.943045449186838,-0.8860956240420815,QSO,1.883979134056995,0.0,0.7533613694500342,1.3796471476686185,-0.3278931139935679,-0.5780948256989963,-0.2104473971343495,-0.4288044322950013,723109925979665.6,0.7597113544588752
-0.6208087652376103,0.9015188118434696,1.3951759112834121,0.9306698132686193,0.9188585944333242,1.017015604019897,0.9577960961972821,1.6003010167508325,QSO,-1.1465520997819505,0.0,0.9015212059071157,1.3951887262435476,0.4597536039301133,1.1710232921272223,-0.023372518369194132,0.8440299019219419,126273373945359.4,0.9204269435250729
-0.01956406824138621,-0.012501749531296546,0.34545410075960364,0.3572634852265766,0.5979614811348216,0.19534978350256452,0.1390792044528493,0.14324685713502644,QSO,-0.5298716944877365,0.0,-0.012504822980737126,0.34546162113632123,-0.3128957090971104,-0.4104925592144127,-0.20992987805585406,-0.2740123142511551,705343978149389.9,0.7792429494554982
-0.8374382606080794,-0.22562167394334956,0.33524397380915066,0.26596920260713636,0.36995262624043984,0.06831983424762526,-0.004543600482974899,0.16240666872863846,QSO,-0.2247928621539277,0.0,-0.22562164868251433,0.33524445049439566,0.13910913173352846,-0.07989438990984338,-0.13771125465402662,-0.1331689245656028,183122769126463.16,0.9151195476424603
-1.259275129630665,-1.4038275899792434,-0.2593932448670463,2.612638989623569,0.6614596234760846,0.6269260104082316,0.7410833882965447,0.7349116507135538,QSO,2.2268442620719324,0.0,-1.4038298277700272,-0.25939175290804917,-0.4334272950521923,-0.8555889939001328,-0.3434219647190779,-0.7238233367685146,2927210789479858.0,0.720797971485525
-0.38526537780666115,0.7927024532168861,1.4663972555052494,-0.9192562470646941,-1.1337756301078459,-1.2588591495838237,-1.2207962453316312,-1.2970912980558147,QSO,-0.8278684700438604,0.0,0.7927034767227414,1.4663876135466702,-0.24182605650169492,-0.4454889386403373,-0.1297119265986072,-0.25793427127215257,450555540980755.8,0.7842987714818516
-0.056846973517075676,0.45191990016094574,0.6547217745965714,-0.6185103732566769,-0.4445030309313078,-0.23491855350869362,-0.09847443628077032,-0.13122266769483493,QSO,0.8624252374365484,0.0,0.4519178461441753,0.654727175723399,-0.20862156782930488,0.18246623085354663,-0.2545573995123192,-0.11196199150433275,417215879260427.06,0.8901894793596424
1.6430716579415012,-1.0705889456446682,-1.261276887824026,1.1480113996685644,0.6917739570251984,0.8486819431345095,0.8792164312416493,0.47654036492772917,QSO,1.0941871344526248,0.0,-1.0705890469213721,-1.261276023850029,-0.2348611138317486,-0.628768377562128,-0.1626984559378374,-0.2867617293701871,490565162909502.1,0.8126013438067942
-0.42442049542265137,0.35296068710169026,-0.2853634907669522,-1.4217341111126973,-1.3491007002623094,-1.290458866962743,-1.1434446740433706,-1.0155083865603292,QSO,-0.3427685416049932,0.0,0.35295916596396354,-0.28536183389966524,-0.3109139639121957,-0.2170471727763555,-0.3877771971314233,-0.6656761760273752,641598105457462.5,0.9764597883639256
-1.2633848059254527,0.21829219006838602,1.7126440884422294,-0.037391852712255924,0.22917229790579335,0.5356389542117075,0.4898832440501016,0.26968889495384074,QSO,-0.01388090812015899,0.0,0.21829658483156897,1.7126337068288453,-0.36189315813129974,-0.26605091677864245,-0.3282816447628393,-0.24090167200702042,1035217496891454.0,0.8667139800560285
0.16872708149711835,-1.2784119191315877,-0.9477194928986582,-0.3942492980985908,-0.19317748916944652,0.015967654138526337,0.20392071711451468,0.1240779607564012,QSO,0.861218975331203,0.0,-1.2784109367751388,-0.9477113523130128,-0.3882618079636324,-0.8373355933793544,-0.3333078825266961,-0.7232027938887032,1320995060981478.0,0.8387908369824031
-0.11908514192608874,-1.032883508307216,-1.0097153063505317,0.19558896363248124,0.37324460090576217,0.4679487926136211,0.3635087397261875,0.363480215433898,QSO,0.8730084294056457,0.0,-1.0328838768004178,-1.0097144230011592,-0.38371540044564406,-0.8207140176907813,-0.2655020111398034,-0.5150246652637268,1284080091309936.0,0.7243820049364593
0.8045929579026128,0.6748190824368464,-1.0302718273149594,-2.5136427723503423,-2.7495190457900547,-2.540572953938974,-2.3914719513157703,-2.665532464649294,QSO,-1.4945681833565982,0.0,0.6748187893415377,-1.0302691750813162,2.2247954182475485,0.12559348530175848,4.062013412921632,1.3168282965358113,35732214495869.305,0.7139374498008022
1.6221644349045967,-1.0860141067550926,-1.1964843749083152,1.2879865823198424,1.3589973676011178,1.133326343790583,0.8716279121626594,0.6301368251520945,QSO,0.08376817300641123,0.0,-1.0860165400449193,-1.1964846887387903,-0.43091443340870456,-0.7643117496098017,-0.2974022423436992,-0.6252608456868489,2824365026979649.5,0.583438669244536
-0.4735484565681125,0.11611074214491819,0.8733527051653811,3.6000811508842,1.5603359464636133,0.3536867754747382,-0.08250921860492166,-0.387876929113096,QSO,-1.5270507122471828,0.0,0.11611147720517533,0.8733286562582996,-0.3756917337723911,-0.7397952790757698,-0.40667003160143744,-0.9271310193308138,1170980474281754.8,0.9994787842302743
-0.18060106854841385,-0.9292419175561771,-1.0459663043334186,-1.328580308495084,-1.3749875919487031,-1.274782480396184,-1.3532012394550328,-1.1490456414747412,QSO,0.11362045549016044,0.0,-0.9292454456577035,-1.0459673173524318,-0.442573693157066,-0.7836206942635183,-0.3484531044565338,-0.6593676291363348,3434070234708557.5,0.6743168123689997
-0.08422043433668057,-0.009728178510806063,0.38867925220475813,0.8716985814540634,1.5101905462808864,1.3472257910672236,1.3798845577708503,1.1486145906613339,QSO,0.6302644084461706,0.0,-0.009734753213766097,0.38867441377016443,-0.43600372667319726,-0.8236890624129275,-0.4069214320907101,-0.8593330697282041,3249258363329951.0,1.0
-0.056727499793001644,0.10413712493139748,0.44666508187744175,1.0502939941869092,1.5508209073908488,1.4559544278836054,1.5744182606339607,1.711344343971651,QSO,-0.150183116777103,0.0,0.10413713710255837,0.4466684257181406,-0.35766649922350563,-0.6562106459994393,-0.25970414845752143,-0.5521057813992444,1045226340688874.6,0.7718524826841268
-0.38895216415012557,0.755520470821529,1.4200698928329136,0.11544439255586714,0.012218844561266252,0.12232745541188517,-0.14488537905372548,-0.1895833266219858,QSO,-1.229784320281975,0.0,0.7555239908243416,1.4200670987792892,1.307309720409431,1.528470868375056,0.924323878153414,1.247679183599497,63134214516461.555,0.8598709475758513
-0.3888921212009826,0.6259622892618653,1.5485016317397606,-2.0139578925227015,-2.0425190750200413,-1.9064018385642891,-1.868844776823694,-1.8288873583949414,QSO,0.6868586563258942,0.0,0.6259609573182735,1.5485049470630414,-0.18062004447637353,-0.5855465611203385,0.0821936367244145,-0.0759108890021037,342880888577216.25,0.7114122834575712
-0.38351313337286447,0.7961008547853815,0.9462383031307832,1.074764092011466,1.194777123400823,1.4603994243079637,1.1480314712245874,1.2471027449934045,QSO,0.3526997115331708,0.0,0.7961000146397678,0.9462418810805537,-0.24720591947747755,-0.5087973452055876,-0.21134936027660053,-0.2645664301285632,533687336986433.4,0.839383976537082
-0.811633868824153,0.3426178826695968,1.4065603366853128,-0.5983149488940559,-1.0373225328281732,-0.8651842913665031,-0.7244997656631538,-0.7168733335943832,QSO,1.4542130989214144,0.0,0.34261382913993627,1.4065336912044044,-0.1969756037929322,-0.6174635379949545,0.013218560913717758,-0.05884602234100417,385880157783855.06,0.733954165650192
1.6221645086386554,-1.070887209644256,-1.1902650265211863,0.8099047316343176,0.8929364944617382,1.133719625367225,1.5136826133676922,0.9560534875137832,QSO,0.8064260067388338,0.0,-1.0708827644972887,-1.1902441480718307,-0.3903902480849525,-0.7281467442045977,-0.33765627953840754,-0.6413932721516905,1436509012402956.5,0.8439610926652706
1.6319533433936206,-1.0746172522268709,-1.2572574905782363,1.9635257497834226,1.8138267977646931,1.4245376321682397,1.0834465751501343,1.6086771885333397,QSO,-0.016997986766819996,0.0,-1.0746185388579046,-1.2572742974305768,-0.3106486081202461,-0.6979951573814068,-0.29929451962939657,-0.5390925990782931,741093507189371.2,0.8746797385446029
-0.7954407791991686,-0.01803038009154289,0.8711405199996626,2.2315707420299504,1.2434525776768381,1.1984830403484477,1.7904161080417509,1.3571285762927032,QSO,2.005819720567565,0.0,-0.01803700674632315,0.8711529398226869,-0.28355526985168084,-0.3863588097653682,-0.23517501899640245,-0.22090347393112159,627853276664158.0,0.8324967786741808
-0.8119355515950923,0.49761696369939856,1.3376214293811142,0.26546542826500263,0.7940452234326176,0.7081066446934104,0.7535567874106827,0.9891675288882307,QSO,-0.516478398645424,0.0,0.49763018600674863,1.3376171333383917,-0.15484421493364622,0.7100932205305162,-0.12081065849621872,0.9358979297243635,364476249038678.44,0.8337796703439652
1.6298394248449386,-1.0795024075354342,-1.227996695901108,-0.47929085211860084,-0.8226664200923339,-0.5436720294211589,-0.39001837398822387,-0.5734245782301712,QSO,1.25551928179549,0.0,-1.0795013721639313,-1.228001769757781,-0.1853356709930794,-0.48530717011731384,-0.12733378231836112,-0.3395555665326892,376975589456133.44,0.821542613815648
